내용,판단 결과,추천수
이걸 감형 시키다니..; 전 국민들의 공분을 산 이사건들을....... 하 진짜 부모님 모습 보니까 너무 마음아픈데 어떻게 도와야할까요.... 너무너무 화가 나시겠지만 몸 잘 추스르셨으면...,1,78
판사들은 피해자한테는 공감을 못하면서 가해자에겐 큰 동질감을 느낌 .... 맨날 뭐만.하면 감형이고 집유고.... 사장님이.미쳤어요 창고 대개방도 아니고 맨날 형량을 세일하고 있어,0,216
이렇게 말하고 싶지 않지만 당신들 가족들도 같은 아픔을 겪길 바라겠습니다!! 곱게 키운 자식을 먼저 보낸 부모님의 아픔이 얼마나 클지..이런 판결 나올 때 마다 답답하고 분노가 생깁니다.,0,33
판사 지 자식이 당해도 똑같은 판결낼 수 있냐?? 감형이라니 말도 안된다,0,81
감형…?미쳤네 진짜 와 우리나라 답 없다,0,90
판사님들이 그런 취미가 많으신가 희한한데서 공감을 열심히 하시네,1,132
아니 도대체 뭘 더 감형시킬게 어디있다고 더 감형을 시켜요 진짜.. 우리나라가 형량이 적은데도 또 감형을 시키는게 이해가 안된다..제발 피해자의 입장에서 형량을 내려주세요 부탁드립니다.,0,58
이걸 감형 때려버리네?ㅡ.ㅡ 정말 대단하다,1,115
"우리가 도와드릴 것이 있습니다. 그건 바로 형벌 강화의 목소리를 높여야 합니다. 있으나 마나한 법들이 너무 많습니다. 형량이 약해서 사람들이 범죄 저지르는 것에 부담감이 점점 사라지고 있습니다. 특히, 가진 자들은 흉악 범죄를 저지르고도 교도소에 짧게 살다 나오니 다시 사회로 거뜬히 재개하고 없었던 일 처럼 하고 다닙니다. 반드시 형벌 강화해야 합니다. 아니면 교도소 환경을 열악하게 만들어야 합니다.",0,17
소름끼친다 어떻게 여기서 감형을 시키냐........하.......내가 이렇게 참담한데 유족은 어떻겠냐,0,63
역시 판새는 유족이 용서안해도 반성문과 눈물찍하고 판새의 전 직장상사고용하면 감형되는 우리나라 판새 만세,0,108
감형 시킨 판사의 실명을 밝혀라,0,52
판사들도 감사 해야 한다 군 전체 감사도 군에 맏길게 아니라 공수처든 검찰이든 감사 해야 한다,1,37
이런거 보면... 진짜 ai 판사가 나와야함,0,55
"술마셔도 살인해도 성폭행해도 가해자를 감싸는 대한민국!!! 매일매일 음주운전에.. 성폭행에.. 그래도 가해자를 무조건적으로 감싸는 대한민국이다. 아버님의 분노가 여기까지 느껴집니다... 내가 될수도있고 나의 자녀, 친구, 지인이 저렇게 피혜받아도 가해자를 감형해주면 나도 눈돌아갈꺼 같다.. 가해자를 위한 나라는 전세계에 대한민국밖에 없을듯... 살인하기 너무 좋은 대~ 한~ 민~ 국~!!",0,86
우리나라 판사들은 무슨 생각으로 저런판결을 내리는걸까,0,53
역시 감형... 건국이래 최강 최강의 조직.,0,19
재판장들 딸들이 성추행 당해도 저따위 판결을 내릴건지 재판장들 모아 놓고 물어 보고 싶다..,0,59
이래야 코리안 판사지 판사가 판사했네,0,2
"진짜 인생 그렇게살지마라 진심으로 진짜 인간도 아니다 가해자, 판사 모두 정말 개보다도 못하다 진심으로",0,14
죄를 지어도 감형되는 나라 대한민국..,0,62
(02:09) 하필 킹받는 감형에다 개킹받는 효과음.,1,0
또 뭐때문에 감형인데? 어휴 진짜 판사 놈들 답이 없다.,0,9
판사의 재량권을 축소 시켜야 된다. 반성하고 있다면 감형시켜주고 합의 했다면 감형시켜주고 판사가 신보다도 더 막강하니 항상 피해자 쪽은 판결에 성복 못하고 화 병으로 죽는 사람이 많아지지.,0,16
보복하면 됨. 판사랑 가해자 보복하면 됨. 그게 이 나라임,0,16
진짜 어이없는게 판결이 후퇴라니 감형 이유가 죄값을 뉘우치고 있으니 감형한다.이건 아니지.,0,9
법이란????? 원래 범죄자를 보호하기위한게 법!!!!! 판사가 피해자가 돼봐야 알지.... 피해자가슴에 대못을 밖은 사실을....,0,13
법쪽은 절대 선진국이 될수없나봐ㅜㅜ국민들이 다 지켜보고 있는 사건인데 항소심에서 감형이라..진짜 다 갈아엎어서 깨끗하고 정직한 판사들이 많았으면 좋겠다.,0,2
부모님의 절규 가슴이 아프네요 딸키우는 입장에서 이런 판결 참담 합니다,1,2
무슨생각으로 판결하는지 ㅉㅉ,0,19
"잔짜 화가 치밀어오르네요 이제 방법은 단,하나 십시일반 모금해서 가해자새끼가 형을 마치고 나올때 청부살인밖에 없습니다 납치해서 영화 모범시민에 나오는 방법대로 의식이 있는 상태에서 사지를 절단시켜야합니다 그리고 이런 개떡같은 판결을 막기위해 검찰은 죄목으로 기소하고,판사는 유무죄만 가리게해야하며 형량은 피해자쪽에서 정하게해야합니다 예를들어 해당죄목이 최소5년~~무기징역이면 그 형량내에서 피해자가 정하게해야 합니다 피해자는 용서한적이 없는데 왜 판사 지맘대로 가해자가 반성하고 있네 어쩌네하면서 감형하나요?이해가 되나요?",0,12
군 판사 얼굴 주소 공개하라,0,29
저 판사 집에 불 질러도 감형시켜주길…!!,0,6
진짜 분노가 치밀어 올라오네요... 판사 딸이 당해도 저렇게 판결했을까?,0,0
"사법의 판결은 시간만 지나면 잊혀질것을 염두에 두고 판결하는것 우리나라 사법은 죄지은자에 관대하고, 힘있는자에 약한 판결을 내리는 곳입니다.",0,3
제대로 판결 다시 해라 국방부 군법원이 가해자를 얻고 국민의 신뢰를 잃으려 하네 블랙박스 영상증거 있지 않나? 뭘 보고 내린 판결인지 모르겠다 지금 사람 한명 인생 망쳐서 자살하게 만든 인간 뭐가 예쁘다고 저렇게 감형해 주냐? 다시 판결 해야한다,0,3
판결이 이따위로 나니깐 이런 범죄가 계속 생기는거 아닌가? 판사는 도데체 국민과 피해자의 아픔을 이해는 하는가? 저 판사 미친거 아냐? 국민이 성금을 모아서라도 계속 이길때까지 항소해서 가해자가 엄벌에 처하게 해야함,0,1
판사들이 사회정의를 무너뜨리고 갈등을 키운다.,0,2
재판장 누구? 참담하네 과연 반성은 하는걸까,0,12
이게 나라냐 감형 관련자들 대대손손 대가를 치를거다,0,6
피해자를 또 만들고..한번더 죽이는구나..이러니..다들 신고도 못하거나 또 죽음을 선택하지..신고를 해도 신고를 한사람이 더 피해를 보거나..이 판결이 과연 후에 더 많은 사건들을 예방할수 있는 길이 맞는가?좋은 쪽으로 가는 길이 맞는가 싶긴하네..,0,3
이걸 감형시키냐 하.. 아버님 도와드리지 못해 고개숙여 사죄의 말씀드립니다ㅜㅠ,0,0
보이스피싱 때처럼 한번 징하게 데여봐야 제대로 판결내리지,0,11
왜 이런 판결을 내리지? 판사는 월급 왜 받냐 가해자를 위한 나라냐 어떻게 사람 목숨이 참 어이없어서,0,4
이거 공론화 되어서 엄벌 받는 줄 알았는데 대한민국 법은 가해자를 위해 존재하는건가. 유족들은 이성 잃을만 하다. 감형이 말이 돼? 아직도 공론화 안된 사건 많다 최근 인천 스토킹 살인사건도 그렇고,1,11
판사들이 왜 저럴까 우리나라 사법은 이해 할 수가 없다니깐,0,0
성폭행이자 살인이지 왜 성추행으로 불리고 2년 감형이 말이 되나 정말,0,2
그럼 그렇지.. 성과 관련된 사건과 관련하여 원체 자비심이 많은 판결들이라.. 죽은 놈만 억울한겨..ㅠ,0,6
하..... 진짜 저런 중범죄는 군사법원으로 넘기지 마라 진짜 만약 가해자가 간부가 아닌 병사였어도 저런 판결을 내렸을까?ㅋㅋㅋㅋ 내가 보기엔 경범죄였어도 가중처벌 때릴거 같은데;; 도대체 누굴 위한 법이고 판사는 정신이 있는건지...... 유족분들 너무 안타깝습니다...,0,0
우리나라 모든 판사들은 조만간 천벌 받을꺼야. 인간이 아닌것들 그냥 툭하면 솜방망이구나.,0,0
한명 때문에 몇명이 고통받고 있는지 잘봐라 판검사들아 실명 널리 퍼뜨려야겠네,1,0
저런 쓰레기를 감형시키다니 누구를 위한 법이냐? 그러니까 또 같은 부대에서 여부사관이 또 죽었지 신상공개해서 대한민국에서는 못살게 해야한다 진짜 군대가 썩어도 어디까지 썩었는지 진짜,0,0
그냥 풀어주지 그랬냐? 한가정이 박살이 났은데 감형? 대단 하심 ㅋ 꼭 당할날이 온다 앞으론 재판 판새들도 공개 쫌 합시다!!!,0,1
저런판결내리는.자식들도.저런꼴을당해야지!남의심정을알지.,0,4
이걸 가해자편들었다하고 판사탓하는 안타까운사람들이 이리많다니...,0,2
법정에서 피해자를 지켜해주시는 커녕 가해자편에 서서 어차피 형량도 얼마 안돼는거 내 가족이 저런일 당하면 가해자를 똑같이 죽이고 나도 감옥에 몇년 다녀오는게 차라리 답인거 같다. 우발적으로 저질렀다는 핑계 대면서. 이 나라는 그거밖에 답이없다,0,0
사회악 범죄자들이 처벌을 받는데............. 어떻게 와 통쾌한판결이라고 생각한적이 단한번 나온적이 없는지..........의문이다..........,0,1
2년 감형된거부터 한국 사법 형량은 너무 약하다. 한국 판사들은 전부 파면시키고 물갈이해야한다. 자격없는ㅆRㄱ판사들에게 재판을 맡겨서는 안 된다!,0,2
저런 최악의 쓰레기 악마한테 왜 공감을 하며 감형을 주는지. 우리나라 판사들은 뼈속까지 가해자편에 공감을 하나 봄.,0,0
피해자는 죽고 가족은 극심한 프라우마 격을텐데 2년 이라나 참 한심한 판결이다,0,0
왜 저런쓰레기 형을 감형해줌? 사형해도 모자랄판ㅇ네 가해자의 억울함을 제대로 풀어줘야 나라가 제대로 서지 않겠습니까?,0,0
음주운전 학폭 촉법 군폭 모든살인으로인한 피해자들은 한평생 살명서 이렇게 허무하게 갈꺼란걸 알았을까 고통스럽게 죽어서도 눈을못감을것같다 그리고 그의부모님들은 내자식들 가족 모든미래가 풍바박살나는데 내린결정이 가해자 10~길면20년 징역 제발 좀 대가리에 마요네즈만있냐 법들아 너희가족 자식 부모라고 생각하며 처벌을 해라,0,0
가중처벌 해야지 왠 감형.. 역시 우리나라 판 검사의 뇌는 놀랍다. 평범하지가 않어. 이제 성추행해도 감형해주는 거지? 좋은 판례에 성범죄자들 다 좋아하겠네.,0,3
안타깝다...죽은이는 말이없고 산사람은 그래도 살아야하니 감형......?,0,2
"징역10년이상 선고하는것이 사회정의,군기강측면에서도 맞아보인다!!",0,1
감형이라니.. 이건 아니지않나? 오히려 죄책감도 없이 항소한것을 괘씸히여겨 추가 형을 내려야 마땅한거 아닌가?,0,3
"이 나라 판사는 항소만 하면 감형시켜주네. 내 가족였다면 이딴 판결에 가해자는 물론이고, 판사들 찾아가 화염병 던졌을지도... 이래서 죽은 사람만 억울하고 불쌍하다는 말이 나오는게 아닌지 싶네",0,0
판사들 개판 판세들 인간취급안한다 인성이꽝 제발인간이되길바란다 판사들,0,0
피해자를 위해서 있는게 아니라 가해자를 보호하기 위해서 고등법원이 있는거죠... 감형이라니... 보복협박이 왜 무죄일까? 판사가 협박이라는 단어를 모르진 않을꺼고 아..... 가해자를 불편하게 하면 안되는 중책을 가지고 있으니까... 이렇게 판결을 내리는 구나... 나중에가면 가해자 새끼가 반성하고 있다고 집유 때리는건 아닌지 모르겠네 하도 어이없게 판결하는 판사들이 많아서,0,0
감형을 왜해??? 미쳤나!!!!!,0,1
가해자랑 판사 얼굴 실명 다 공개해라,0,1
자식이 죽어도 7년이라니..말이안나온다..난 내자식이 저리됬음 정신병걸렸을듯 감형받은 놈은 사회나와서도 여자들한테 또 저럴텐데..,0,0
이런것이 나라냐? 공개하라 판사넘들,0,0
너무하네요 명백한증거가 다 나온것같은데 어떻게 감형을 한젊은 생명이 죽었는데 7년은 너무한거아닙니까!! 이게 뭔가십네요ㅠ,1,0
가해자를 보호해주는 개판결 지들멋대로 판결하냐 법에 잤대가 어디냐.,0,0
진짜.. 판사들 자식들이 저랬어봐 저런 판결을 내리나 진짜 판사 닭대가리냐 ㅋㅋ,0,2
특별법안도 통과됐는데!!감형이라니요!! 같은 전우를 자살로 몰아갔으면!!신분이 군인이기때문에 일반인에 비해서 더 가중처벌해야하는 거 아닙니까??,0,4
법은 감정으로 분노한다고 징역을 더 높게 때리는게 아니다 가족입장에서 화가 날순 있지만 옳은 판단이라고 본다,1,0
법과 원칙대로~~법과 원칙대로 감형~~!!!,1,2
한번 내린 판결에 감형이라니 가족분심정은 무기징역이나 사형달라고할판인데,0,0
2년감형이라니?... 2년더받아야지. 나쁜놈,0,0
판사도 AI로 해야하다고 봅니다.,0,0
전과 20범이 넘는 놈들도 버젓이 밖에 돌아다니는 나란데 뭘 애초에 형벌자체가 지나치게 가벼움 그리고 보호해야 하는 주체가 뒤바뀌어있음 피해자신변과 경찰신변을 보호해야하는데 가해자보호하기에 최선을다함 진짜 개그도 이런 개그가 없지 인권단체 가해자 인권보호 이딴 ㄱ짓거릴하니까 바뀔수가없음 지금 우리나라엔 한짓거리 그대로 돌려주는 강한 법과 어떤외압에도 흔들리지않는 판사가 필요함,0,0
판사야 너두 가해자다 다음생에 업보나 받아라,0,0
"왜 감형을 때리겠어? 군 간부들 본인 편하려고 하는거지ㅋ 여태까지 그리고 앞으로 이런 사례가 많을텐데, 선례를 만들면 모든 피해자들이 다 들고 일어날텐데?",0,0
아니 늘어난게 아니고 감형???? 장난치나 저러니 욕을 먹지 저러니 판새 판새 하지,0,0
가해자 편을 드는 군사재판 판사들 . 정상적으로 하지. 감형이 뭔 말이냐.지저분한 녀석들.,0,0
판사 지들가족이 겪어봐야 알려나,0,0
15년에서 감형이요????!??!?! ???? 미친 대한민국..,0,0
국민 정서 하고 넘 동떨어 저요 판사직장인이 2심만 가면 감형해주는데 이럴거면 1심 판사직장인이 왜 필요 합니까 판사직장인 없이 그냥 AI가 판결하던가 아님 미국처럼 국민이 배심원 참여해서 판결 해야 합니다. 그리고 사법도 좀 바뀌여라 시대가 어떤시대인대 판결은 아직도 조선시대 판결이고 응,0,1
우리나라는 감형 넘 해준다...사람이 죽었는데...,0,1
판사라는 직업이 잇는 이유가 뭐냐 가해자 보호하려고 판사가 잇는가 미국가서 재판 받아야 한다 판사는 아직 후진국 사람이다,1,1
정권이 바뀌어도 아직 재판하는 판사들이 썩었다 사람이 죽었는데 7년이라니 국민들이 다 들고 일어나야지 판사들 정신 차릴려나? 판사가 누군지 어떤 생각으로 감형을 했는지 취조해서 밝혀야 될 일이다,0,0
혹 그 재판장에게 문제는 없는지요,0,1
박그네 턱에 기스 내면 10년형 일반인 자살할만큼 괴롭히면 7년형 ‘억울하면 재판걸지말고 그냥 니들이 직접 응징해라.’ 이런 의미의 판결로 받아들이겠음.,0,1
제발 판사 유학 좀 보내라 생각의 수준이 이해가 안된다 한동훈 장관 기대하지만 같이 솜방이 들고 다니면 너도 끝이다,0,0
직장내 성추행으로 인해 자살한경우도 7년이하로 받았는데 군법원이라 그렇다는건 억까인듯 그냥 대한민국 형량 자체가 그럼 재벌이 성추행해서 자살했으면 기소유예났을거임,0,0
"윤석열처럼 검사판사들 다 지들세상 앞길만 생각하고 뒷돈 눈치보기 판결하지 뭔 정의냐ㅋㅋㅋㅋㅋ 윤석열검사 장모,마누라 봐라 수사하나 ㅋㅋㅋㅋㅋ",0,2
"죽은 사람만 손해볼 뿐임. 1여년 전 이 사건 터질땐 언론에서도 얼마나 대서특필 했는지 매일매일 이 사건 보도했음. 공참 짤리고, 대통령이랑 국방부 장관이 가서 조문하는 등 별 쇼를 다 하더만, 정작 1심에서 2년이나 감형된 2심 판결은 네이버 기사에 2개 올라오더라",0,0
감형 ? 무슨 이유로 ? 판사 놈 제 정신이야 ? 이러니까 군부대가 사이코패스 범죄자 소굴이 돼가는 거지 대한민국 국군을 모독한 성추행 범을 감형을 시켜 ? 군대가 성추행하는 곳이냐 ?,0,0
증거가 확실하면 형량좀 세게때려라,0,0
제목은 생각안나 는데 영화하나가 생각나네요 감우성이 나왔던 본인딸 와이프를 죽인 범인 판사 또있어는데 감우성이 스스로 벌을 주던 장면 저라도 똑같았을 꺼다 생각했던 영화였는데,1,0
"김학의 검사 별장접대 도 , 검사,판사, 대법관 들은 모든 성범죄에 관대하다",0,0
판검사놈들 윤정부 눈치보느라 더 가해자 편들었다는 내생각. 우리나라 사법부들 피해자보다 가해자에 특히 돈많은 기업인들이나 국힘당 정치인들엔 너무 배려하는 판결만 내는듯.,0,0
징역2년 내리고 평생 얼굴 공개햇름 좋겟네.... 사회서 매장시키게,0,0
대법원은 징역 3년 집행유예 1년?,1,5
대한민국 국방부는 절대 발전이란게 없을걸? 군법원은 그냥 적폐 그 자체임. 2심에서 인정된 범죄가 어째서 고법에서 인정이 안되냐. 이건 그냥 군판사가 개새라고밖에 볼 수 없음.,0,0
아니 대체 '감형'이란건 왜 있는꼬 왜 이렇게 쉽게 되는거야? 그 목적과 기능이 뭐지?,0,1
부모가 이걸이제 알았나보네 판결은 가해자편이야 한국은 판사들이 가해자 편이거든 촉법소년 드라마 소년범 드라마만봐도 알텐데 경제사범 전직대통들도다 사면에 감면 대기업총수들도 다 풀어주잖아 그래서 가해자들은 법으로심판하는게 아니라 퍼니셔 처럼 복수를 직접하는거다 즉결심판,0,0
빽이 좋나 보네 저걸 감형시킬 정도면 역시 개한민국에서는 정직하게 살 필요가 없다는 걸 보여주네요 가해자 인권이 더 중요한 나라,0,0
고등군사재판이면... 판사 계급이 대령쯤 되나? 별 달고 싶겠지.,1,1
내가애기했지 판사들이감형시켜준다고 ㅋㅋ,0,1
역시 공군은 남군편 어이없네 1일도 줄이면 안되지 2년을 감형해?,1,0
나도 슈반 ㅈ같이 살아야겠다. K-판사님께서 자비롭게 감형해줄테니 말이야 ^ㅅ^,0,0
판 검사 중에 성추행범이 있는가?,0,1
판사 딸래미가 성추행당해도 이런판결이 나올까,0,0
판결한놈 정보는 공개안되나요?,0,0
사형이 감형으로 당신자식이면 이러겟나 판사여,0,0
7년은..확실히 너무 약한 형량 이구만요... 너무하네요ㅡㅡ,1,0
남은가족 어쩌라고 왜 ~감형 을~? 대구 방화가 생각난다...,0,0
펄들고 법전만 들여다보던 방구석 폐인들이 판사를 하니까 매번 이 사달이 나지 ㅋㅋㅋ,0,0
성폭행도 많으면 5년 합의하면 기소유예로 나오는데 성추행으로 7년이면 많이 준거지.. 법원에서 판결한들 머가 달라질까? 7년이면 형량 많이 나온건 맞지,0,1
항소만 하면 형량이 줄어드네. 판사들 취미가 희안하네.,0,0
여기저기 뭐다뭐다해서 다 감형 ㅋㅋ 그냥 대한민국 판사는 XXX다,0,0
판사님 뒤에 0 하나 빠진거 맞져?,1,0
성추행범들 전부 직업군인 해라. 개짓해도 처벌 안받고 감형되는 군대인데.. 수통하나 안바뀌는데 뭘 ㅋㅋ,0,0
사적 보복 to 판사 for 예림,0,1
감형 ㅋㅋㅋㅋㅋㅋㅋㅋㅋㅋㅋㅋㅋㅋㅋㅋㅋㅋㅋㅋㅋㅋㅋㅋㅋ,0,0
대한민국 판. 검사 갭판 돈 받고돈 많이 주는 변호사 손들어,0,0
감형????????????감형????,0,1
나이스. 이왕해주는 거 한 5년 감형해주짘ㅋㅋㅋㅋㅋ 아이고 재미지당ㅋ,1,0
우리나라는 군대가 의무화니까 감형하는게 당연한거지 ㅡㅡ,0,0
"현직 8급 교도관입니다.먼저 피해자분께 대한민국의 교도관을 대표하여 위로의 말씀 전합니다.현장경험자로서 대한민국 징역의 졸속성과 인권의 그늘아래서 벌어지는 부실징역의 실체 그리고현장근무자들이 격는 어려움을 피해자 분들께 알리고 싶어 이렇게 나마 유튜브에 댓글 남기게 되었습니다. 범죄자 징역 사는거 다 부질없는 짓거리입니다. 선량한 준법시민 여러분들이 생각하고 기대하시는 그런 징역은 대한민국 어디에도 없습니다. 징역 형기가 중요한 게 아님. 이미 인권의 그늘 아래서 대한민국 징역의 위화력은 사라지고 꿀징역만 난무하는 게 오늘의 현실 일례로 난동 부리는 수용자 진압하다가 손톱 반만한 상처나면 독직폭행으로 처벌받고 합의금 물어주는 일이 다반사 성폭력 전과자,조직폭력 전과자가 교도관이 자기 고충처리 늦게 했다 상담 늦게 했다고 무고성 고소하면 사실여부와는 무관하게 무조건 담당 근무자 중징계 때리는 교정본부 클라스 새벽에 수용자 변소에서 자살하면 다음날 밤샘근무한 직원 소환해서 열시간 강압조사하고 징계먹이고 직원은 자괴감만 들게 만드는 병신 법무부 교정본부 제가 느낀 현대 행정의 교도관의 역할 그냥 약간의 월급 받고 범죄자의 잘못을 대신 벌받아 주는 사람 딱 그정도 이런 상황에서 강력범죄 누범들에게 대한민국 징역은 범죄자의 쉬어가는 코스 더 궁금하신 분들 댓글로 질문 달아주세요 꿀징역의 실체를 알려드릴게요 아울러 추가적으로 내가 생각하는 교정본부:자신들의 영전을 위해 일선직원 희생시켜 수용자의 인권을 챙겨주고 피해자의 가슴에 두번 대못을 박는 세금 낭비의 대표적인 부서",0,579
성폭행만은… 무관용원칙 적용하고 공소시효 사라져야 한다.. 10년 20년 등 30년이 지나도 자유롭게 신고할수있는 법제도가 꼭 필요한거 같다. 형량도 외국처럼 최소30년에서 사형아니면 무기징역으로 바꾸고 근대 우리나라는 매년 법을 강화한다치고 자꾸 법형량이 최소를 뜯어고쳐야하는데 최대로 법을 고치는거 같다. 예시 : 최소1년에서 최대10년 형 ㅋㅋㅋ 우리가 원하는 법형량 최소형량을 대폭30~40년징역으로 늘리고 최대 사형,0,108
나쁜 어른들이 또다른 나쁜어른을 만들고 계속 악순환 되며 미성년 성범죄 공소시효 없애고 무조건 강력하게 최소 무기징역으로 법을 바꿔야 한다 ㅜㅜ,1,1
"첫번째 경우는 너무 상식을 벗어난 경우라 믿기지 않고 그 뒤에 2,3번재 이야기는 충분히 그럴 범죄가 있을법한.. 아동이고 친족이기에 쉬쉬하게 된 경우.. 성폭력은 마치 인격살인이기에.. 살인죄에 준하는 형량과 제대로 된 수사가 이뤄졌으면 물론 사건의 은폐성때문에 무고도 많기에.. 제대로 수사해서 엄한 처벌과 피해자들에게는 회복할수 있는 장기간의 치료지원이 있어야한다고 봄..",0,13
"가해자와 가족관계로 얽혀 있으면 피해자가 정신적 독립이 어느선에 달하기 전까지, 용기 내기 까지 신고하기 매우 어려워요. 이걸 고려해서 공소시효를 늘려주세요. 괜찮아서 나중에 신고하는게 아니에요. 왜 피해자가 용기를 내서 신고해만 하나요. 이것도 억울해요. 범죄자는 당연히 죄질에 응당한 처벌을 받고 피해자는 신체적,정신적으로 안전 할 수 있다는 보장과 확신이 있어야 힘들게 용기 내서야 신고하지 않고 좀 더 편안한 마음으로 신고 할 수 있어요. 괴롭게까지 용기 안 내도 되게 만들어야죠. 피해자의 신상을 궁금해하거나 '그러에 왜 따라갔냐. 왜 바로 신고 안 했냐.'라는 식의 시선도 2차가해 입니다. 조사하는 과정에서도 이런 느낌을 일절 안 받게 해주세요. 피해자를 캐묻는게 아니라 따지는건 가해자에게 하는게 맞죠. 조사중에 가해자가 많이 하는 말이 ""젖어 있었으니 즐긴거다""라고 해요. 모래알이 눈에 들어가면 깜빡이게 되는것과 같은건데 젖었다고 즐긴거라 볼수 없다고 해요. 너무 당연한건데 그들이 그런식으로 말 하니까 썼어요. 피해자가 버티는 삶이 아닌 살아가는 삶을 살게 해주세요. 가해자가 피해자 보다 편히 살 수 없는게 당연해야죠. 인생은 나비효과기 때문에 피해자는 그 일 이후 삶에서 많은 선택지가 바껴요. 마음이 이전과 같을 수 없으니까요. 피해자는 잠도 편히 못 자는데 가해자는 저런짓을 하고도 밤에 발 뻗고 자고 낮엔 배고프다고 밥 먹고 살겠지? 오늘은 뭐가 맛없었다느니 맛있었다느니 할 거 생각하면 싫어요. 남의 가슴에 피나게 했으면 죄책감에 미쳐야 정상인데 잠 자고 밥 처먹고 사는거야말로 진짜 미친인간이란 증거 아닐까? 가해자가 일상을 보내는게 피해자는 억울하죠. 실제로 공소시효안에 고발해서 처벌 받는다해도 형량이 피해자의 아픔에 비해 한없이 가벼워요. 성폭력은 암수사건이 많다는데 그 많은 피해자들 죽을때까지 정신적 감옥에 갖혀 산다고요. 꼭 사람을 칼로 찔러서 피를 봐야만 살인 인거 아니에요. 사람 인격을 살해하면 그게 인격 살인 입니다. 인격살인한 사람은 인격 살인자지. 성적 선택권을 짓밟고 박탈할 자격은 누구에게도 없습니다.",0,40
8살..7살..아니 나이를 떠나서 가족을.. 언제까지 성범죄에 관대할지.. 경찰에 신고해도 징역 몇년 깨작 살고 나오면 피해자랑 같이 살게 되는 현실.. 이게 제일 답답한거죠,0,15
반드시 상대방의 뇌검사를 해보고 결혼하자. 인간이 아닌 것과 결혼을 하면 이런 일이 발생한다.,0,0
뭐 그러면 뭐해 대한민국에는 관대한 범과 판사들이 있는걸? 피해자야 죽거나 숨어있으니 신경쓸것없고 가해자들은 모두가 주목하고 있으니 신경 써 줘야지.. 그리고 반성하자나~반성문도 쓰고 반성도하니 용서해줘야지 판사에게 죄송하다는데 뭘~~~,0,0
판사가 약하게 처벌할땐. 지도 저질렀던 범죄라. 나중에 까발려졌을때 지도 약하게 처벌받기위함이라고 변호사 유튜브에서 봤음,0,1
친 엄마? 설마 친엄마가 아들이랑 성 관계를 했다는게 말이 되나요? 검사가 필요할것 같은데...,0,4
이나라 판사들 본인 자식이 이런 성범재을 당 해도 약한 판결을 내릴까,0,0
성폭행범은 사회에서 매장 무기징역,0,1
이런 기사는 솔직히 조회수 올릴라고 언론의 구라라고 밖에 안믿겨짐 ; 현실성이 없을 뿐더러 이런건 양쪽말 모두 들어보고싶음 ㅋㅋ 실제 법원 판결이나 이런것두 딱히 없구말이야,0,4
서프라이즈 생각나네 80년대에 미국에서 저런 상담 했었는데 상당수가 상담사가 유도한 만들어낸 기억이었다지ㅋ 특히 첫째 이야기가 가장 그렇다 물론 현실에선 온갖일이 다일어나기는 하지만 여자가 현실이 고되어 망상에 빠지면 저런 쪽일을 만들어낸다는걸 우리 엄마를 보고 많이 봐서리 평소엔 멀쩡하다가 스트레스 받으면 엄마가 아버지가 형수랑 자기친구 이모 다 약먹여서 강간했다고 이야기 하는걸 몇번이나 들었는데 물론 개소리지ㅋㅋ 아버지가 빈라덴하고 손잡고 폭탄테러했다고 이야기하더라ㅋㅋㅋㅋ 특히 이런 사실과 과장과 구라가 혼재하는 범죄일수록 진실을 알아내기가 더 어렵지 상대편 사실상의 자백증언이나 의료기록 등등의 증거가 없는이상 차라리 자칭 상담사들은 자기들이 검사가 아니기 때문에 무조건 사실로 치고 듣는 경향이 있어서리,0,3
"처음 사연은 솔직히 못믿겠다…말하는 사람이 정신질환 있는거 아닌지 의심되는데… 예전에도 정신질환 있는 여동생이 친오빠가 성폭행 했다고 신고까지 해서 친오빠 재판까지 받았는데 정신질화 치료했던 증거랑 어찌해서 겨우 무죄판결 받아 냈다고 하더라… 진짜 친가족 사이에도 미친범죄가 일어나긴 하지만 어떤거는 아닐 수도 있는 것 같음,,",0,2
"이 사건 결말, 장 중사 고작 징역 7년,, 이러니 나라가 욕을 먹고, 이러니 판사가 욕을 먹지.. 씁쓸하다,, 삼가 고인의 명복을 빕니다",0,2
"저지른 죄에 대한 강력한 처벌을 요구합니다!!! 솔직히 세상은 불공평, 정의롭지 않다는 걸 잘 알지만, 그래도 다시 한번 희망을 걸어봅니다. 황당한 판결앞에 선량한 국민과 피해자들은 정직하게 살아야 할 희망이 무너집니다.",1,0
이제 장교 부사관 인성검사도 같이해서 입대시켜야 됀다고 생각합니다. 진짜 저런사람들은 장교 부사관직 달고있으면 안돼요 관련된 사람들 다 파면시키고 가해자는 얼른 구속시킵시다. 가해자뿐만아니라 방관자도 가해자입니다. 그에 맞는 처벌해주시길 바랍니다.,0,0
생판 남인 나도.. 억장이 무너진다 이 사건 철저하게 수사하고 제대로 판결해야 한다,0,3
증거가 있는데도 불기소는 말도 안된다!!!당장 해임하고 징역살이가 답 아님?,1,0
제발 무기징역을 받게해주세요,0,1
같은 남자로서 부끄럽다. 영상속 내용은 습관적으로 추행해온게 명백해보인다. 죄를 무겁게 받아들이고~판사의 형량이10년이 나오면 지은죄가 너무크니 형량이 작다고~ 꼭 항소해서 고인에게 조금이나마 용서를 구해라. 고인이 마지막 까지 너를위해~ 너에게 남은 인생 바르게 살 기회를 준것이니!,0,2
세상 진짜 무섭다 어떻게 살아 수사 똑바로 하자 국방부야 가해자 징역 가야 되잖아,0,0
"피해자는 죽고 범죄자인 가해자만 살아남는 대한민국. 이런 나라를 만드는 건 범죄자에 아주 관대한 대한민국 형법과 판결. 그리고 이 적절치 못한 낡은 법을 2021년 7월, 아직까지도 바꾸지 않고 있는 국회의원과 정의의 재판관이라기보단 그저 판례에 얽매인채 법의 하수인 노릇만 하는 판사. 이러다 정말 피해자와 그 유족들이 법으로부터 보호받지 못한채 죽어서 대한민국에 범죄자, 가해자만 남게 되는 날이 오지 않을까?",0,663
9년 때린 판사 이름 좀 알자,0,3
무기징역을 받아야 뿌리채 뽑힐라나,1,0
"""술에 취해 범해을 저지른것으로 보입니다""라는 표현이 이시대에 일단 술만먹고 범행을 저지르면 감형댄다는 인식을 방송이 인식시켜주는듯합니다 차라리""범행을 미리계획하에 술까지마신 파렴치한 범행으로 보입니다""이게 맞다고 봅니다",0,5.4천
"성범죄를 가볍게 여기지않고 강하게 처벌해줬으면…한사람의 인권을 철저하게 유린하는게 성폭행임 내 몸의 통제권을 잃었다는 기분이 얼마나 수치스럽고 고통스러운데..남자든 여자든 강제적인 성접촉은 평생의 트라우마로 남고 온갖 정신병까지 얻음 결국 한평생 남은인생을 망가진체로 살아가야함 한사람의 인생을 망쳤는데 그거에비해 형량은 너무 미비함 그리고 대부분 또 나와서 똑같은짓 반복, 더 심한 강간살인죄도 저지름 결국 죄없는 사람들만 죽어나감ㅋㅋㅋㅋ에휴",0,10
"아주 죽일 놈이네; 술취한 것 때문에, 옆 엘베 타고 성폭행하려고 집까지 따라 들어간 게 말이 되나?? 아주 치밀하고 계획적인데?? 술이 감형 사유가 돼?",0,381
"피해자의 남동생이신 분에게 : ""(가해자를) 잘 때리셨습니다. 속이 시원하네요! 정의를 실현하신 님에게 박수를 보냅니다. 법원이 귀하에게 집행유예나 무죄나 감형을 선고하기를 빕니다. 나아가 꼭 실력 있는 변호사를 선임해서, 가해자 놈이 (적반하장으로) 걸 소송에서 이기시기를 빌게요. 인권은 님 같은 분이 보장받으셔야 하는 겁니다.""",1,3
저 피해자 남동생 역고소 당하지 않음? 저게 정당방위지. 친누나가 성폭행당하고 있는 걸 보고만 있냐 그럼? 판사들도 판결 제대로 좀 해라.,0,820
술먹고 범죄 저지르는 것들은 감형이 아니라 반드시 추가 증형을 해야합니다. 술이 감형에 대상이 되어서는 안됩니다.,1,1
한국도 법을 바꿔야 합니다. 집에 침입하는 도둑/강도/강간범들은 죽여도 정당방위가 성립되게 해야합니다. 그리고 저렇게 현장에서 검거된 인간들은 이름과 사진까지 모두 공개해야 합니다. 또한 술을 마시고 범행을 했을시에는 감형이 아니라 가중 처벌을 해야합니다.,1,45
동생이 오히려 처벌 받지않길 바랍니다. 판사들은 우리와 너무 다른 판결을 내림,1,0
"9년전인데 아직도 생생하게 기억나네~ 누나 성폭행하혀는놈 때려잡았다고, 정당방위 적용 안했던 판결~ 대체 정당방위는 기준이 뭐야는 그딴 판결 기억하죠~",0,3
아니... 수법이 한 두번 솜씨가 아니구먼 이런 지능범은 전에도 여러차례 범행을 저지른놈일 가능성이 높은놈이다 이런범죄는 가정이 잇든말든 무기징역좀 때려라쫌,0,314
성폭행범들은 성중독자로서 절대로 고치지 못한다~!!! 강력처벌해도 또 그 짓을 하게 마련이다~!!! 아예 성기를 잘라 버려야만 한다~!!! 우리 검사들이나 판사들은 항상 성접대를 받아서 성범죄 만큼은 훨씬 관대한 잡것들이다~!!!,0,0
"""술에 취해서"".. ""가중처벌""해야 한다고 본다. 자기 제어도 안되면서 왜 술을 쳐먹고 범죄를 저지르냐고... 음주운전을 비롯해서 술 쳐먹고 범죄 시도를 하는 놈들은 반드시 ""가중처벌""로 보다 강력하게 처벌해야 한다고 본다. 무조건 ""범죄 형량 x 2""로 강력하게... 그래야 동일 범죄가 줄어들 것이라 생각한다.",0,0
판사는 동생에게 폭행죄로 징역10년을 선고할 것이다. 이나라 판사들에게기대할게 없다,0,1
"제발 일 좀해서 법좀 고쳐라 우리나라 법이 술먹고 감형, 걸핏하면 피해자보다 가해자에게 유리한법좀 뜯어고쳐야 하지않나?",0,75
술에 취하면 감형해주니 개나소나 술에 취해서라고 하네.제발 술 취했다고 심신미약으로 감형하는법좀 없애라,0,1
술이면 다냐 가중처벌 해라 초범이라고 또봐주기만 해라 판사집앞에 가서 시위할꺼야 나중에 큰사고생기고나서 후회말고 지대로 판결 내려라 판사들,0,0
술취했다고 봐주는 경찰 검찰 판사 이런 개판....남자 끼리라 봐주냐?? 술먹고 한 범행은 과하게 처벌하라.,0,133
대한민국 형법: 가해자와 피해자를 구별못하고 형벌을 주는곳이 한국의 개나리 법관들.. 성범죄자를 동생이 반죽도록 쥐어 팼음 판사: 말로하지 왜팼냐고 동생왈: 가족이 누나가 성 폭행 당하는데 말로합니까? 판사: 그래도 폭력은 안됨 정당방위 인정못함 이렇게 판결이 날수도 있다는것이 한국의 법관들 수준이죠.,0,0
그리고 동생은 폭행혐의로 법의 처벌을 받았겠지. 가해자의 인권을 누구보다 끔찍히 신경써주는 판사에 의해서....,0,0
술에 취했다고 절대 형량 낮추면 안된다.,0,0
"음주로 인한 감형이 정당하다고 생각하는 일반인은 거의 없고 범죄자들이 악용하는데에 쓰이는데도 계속 유지하는 게 이해가 안 가네요. 술 마셔서 기억 안난다고 하면 오히려 형량을 추가해야하는 것 아닌가요? 범죄자들 말대로 정말로 술로 인해 무의식적으로 저지른 거라면, 본인을 절제하지도 못하는 그런 사람이 평소보다 더 많이 마셨을 경우에는 분명 살인자가 될 텐데요. 촉법소년법, 음주감형 모두 폐지해야합니다. 진짜 법이 물러도 너무 무르네요. 성폭행범죄 역시 피해자의 남은 모든 인생을 죽이는 범죄로 살인죄와 같이 처벌해야한다고 봅니다. 물론 남녀 구분없이 모든 성폭행 전부.",0,0
지금이었으면 저 동생분 징역 받을지도... 폭행죄로,1,4
"전과없는게 아니라 안들켰을듯~ 처음인놈치고는 대범한데, 경찰 이나 판사들 또 엉뚱하게 판결할라~",0,19
술에 취하면 감형해 주는 개 같은 법은 정말 문제다. 잡히자 마자 술 마셨다고 통보 부터 하는 웃픈 코미디,0,2
30년 징역 때려야 합니다 나오면 또다른 피해자 생깁니다,0,0
주취는 더 형량을 올려야해요! 술마셨다는 이유가 감형의 이유가 되니 맨날 술먹었다는 핑계죠.,0,0
우리나라는 술먹고 범죄를 저지르면 감형이 내려오는 정말 특이한 나라라서 그런듯,0,180
머큰문제는 맘씨가 개차반 같은 판사님들이 모든 구실을 다 같다붙여 솜방망이 판결에 피해자를 쌍방폭행으로 몰아간다는것이지요~ 흠~,1,0
또 우리의 전지전능하신 판사님께서 풀어주시겠지~이제는 기대도 안한다,1,1
전과없고 반성하고있으며 술취했으니까 집행유예로 풀어주고 다른 남자는 실제로 정신 잃도록 폭행했으니 징역 1년이 어떻소? 대한민국 판사들이 하는 유형이 딱 그럴거 같은데 ..,0,0
"여성이 몇층에서 내리는지 알려면, 같은 엘리베이터를 타던가 아니면 1층에서 멈추는 층수를 확인하고 다른 엘리베이터를 타고 올라가야 하는데 그러면 이미 피해자가 집에 들어갔을 타이밍이고.. 뭔가 이해가 안되네요...전부터 미리 계획했었던거 아닐까요?.술취해서 우발적인 범행시도 였다고 진술하면 감형 사유가 되니 그렇게 진술한거 일수도 있고.",1,0
여기서 남동생 과한 폭력 행사범으로 성폭행범 면 살러주는 센스 보여 주시는 판사님 ?,0,0
피해자 동생분 판결어떻게됌??개인적으로는 무죄였으면 좋겠네..ㅡ,1,2
그러게 감당하지도 못할술을 왜 먹어ㅡㅡ 제발 좀 술 때문이라며 감형 하지말자!,0,6
"이 경우 사법쓰레기들이 내리는 판결이 성폭행 미수 범죄와 별도로 누나를 보호한 동생을 과잉방어로 폭행죄로 형사처벌을 할거다. 여태까지 사법쓰레기들은 이런 식으로 기소, 판결을 하여 끼리끼리 밥그릇을 챙기며 이 사회를 쓰레기장으로 만들어 왔다. 각종 거짓말 범죄 판결은 어떤가? 피해로 사람들이 죽어 나가도 솜방망이 처벌로 전문 사가꾼들을 양성하여 업권을 지켜왔다.",0,0
부인과 자녀가 있는 전과없는 멀쩡한 30대가 저러다니 ㅡㅡ 부인과 자녀는 이제 어쩌냐?? 애들 보기 창피해서 저거 뭐 어쩔거여 무기징역 스스로 가라.,0,7
보도기자 술취해 전과없어 치료할신세라고 가해자 변호인같이 보도하는저런 기자도 기자라고! 정당방위 아니다 쌍방폭행이다 뭐 등등 황당한 사건들 가해자보호 해주는 대한민국 많이보고 들어서 대한민국법 뻔한판결 놀랍지도 않다! 피해자만 억울하지!,0,1
대한민국 위대한 판사의 판결 = 남동생이 과잉방어로 폭행죄 성립 3년 구금 피해자 치료비 전액 보상하고 그에 따른 물적 정신적 피해 보상하고 그동안 일을 못한 보수 또한 계산해서 보상하라 ㅋㅋㅋ 아마 대한민국의 위대하고 정의롭고 법 정신이 투철하고 감정에 치우치지 않고 냉철한 판단력을 가진 가장 이성적인 판사들은 이런 판결을 내릴거임 ㅋㅋㅋ,0,0
씨바 이거 동생한테 과잉방어했다고 실형 때린 사건 아이가? 그 판사 어이가 없었는데!,0,7
과잉방어로 저 동생분 법적 책임을 져야 할듯. 폭행에 대한 합의도 봐야 할것 같은데? 전에 집에 침입한 도둑 때렸다가 징역산 사람 있지 않았나? 헬피엔딩 나지 않도록 계속해서 이슈화 시켜야 할듯. 대한민국 팬새들은 성폭행 미수보다 과잉방어를 더 안좋은 죄질로 판결할 확률 99%,0,0
"저거 개판사가 오히려 과다방어라고 성폭행범을 보상해주고, 여성을 보호하려던 동생을 처벌할거같다..",1,0
이번에도 또 폭행죄로 동생잡아드리지 전에 빨래다이로 친 동생분도 실형선고 받은적있자나.. 판사들아 이번에는 어떻게 판결할래??,0,0
또술취했다고 징역 1년 이렇게주겠지?우리나라법 진짜..,0,15
댓글보고.. 진짜 인가요? 누나가 성폭행 당할려 해서 그놈을 그 현장에서 구해내기위해 그놈과 격투끝에 구해 내었는데... 동생에게 정당방위가 아닌 폭행범으로 몰았다는게..?? 그렇다면 대한민국 판사들은 진짜 있으나 마나한 존재네요 나 같았으면 저놈 X를 밟아서 영원한 고x로 만들았을것인데,0,5
웃긴게 남동생처벌 받았음 졸라웃겨 개판사,1,41
"사고 없어서,다행스러운 일이네 근데, 전관 사면,쌍방 되긋지 대한민국 검찰과,판사가 어떤 수준인지 뻔히 알려졌는데...",0,0
"무기 징역 때려라, 초범 아니다.",1,0
ㅋㅋㅋㅋㅋㅋㅋㅋㅋㅋㅋ아나 내눈이 잘못됫다고 말해줘!!!!!ㅋㅋㅋㅋㅋㅋ 성폭행 할려다가 남동생 한태 조 터지고 병원+징역 이라ㅋㅋㅋㅋㅋㅋ 이거 사이다 방송인가요?ㅋㅋㅋㅋㅋㅋㅋㅋ,0,22
"나 젊었을때 저런경우,밤에 집오는길에 저런경우 (다른 여성)상대 남성 2명 제압했는데 이틑날 체포됨.남성두명이 각 3주진단제출해 내가 전과범 됨.당시 피해여성은 묵비권 행사.당시 경찰말.법이 그렇다며 정당방위는 자기경우만그렇다며 비웃고 재판때 판사에 호소했으나 항소심까지 법이 그렇다는말만들음.이후 다시는 못도와줌.",0,4
동생 아마 폭행으로 감방 들어갔을건데 한국판사라면,0,1
잘 했네 이것도 과잉 방어라 할건가 판사들,1,0
술에취해 성폭행시도? 또 술이라고 쓰고 형량줄여주겠구만...,0,0
때린사람 폭행죄로 구속해야지 훌륭한 경찰님 검사님 판사님 개엿같은 정당방위법,1,0
정당방위 침입자 구속 5년징역추가,0,0
"군인이든 경찰이든 검찰이든 검사든 판사든 자신들의 직업 명예를 위해 후배, 선배, 동료의 죄를 눈감아주는 관례는 정말 비겁하고 불명예스럽다는걸 잊지말고 오히려 더욱 투명하고 정직하게 명예를 이루기 위한 노력을 보여주길 바랍니다. 이 나라의 국민이 당신들을 믿고 사는 것이 부끄럽지않도록 말입니다.",0,4.7천
하여간 대한민국은 여자가 투신자살을 해야 슬슬 조사한다니까.. 이사건땜에 검사가 10명 붙었다던데 참 기가 찬다. 저 어린여자애 한을 제대로 풀어줘라 또 수사무마 시키지 말고,0,81
후배님 저도 군대에서 억울하게 제대 했었는데... 후배님에 비하면 아무것도 아니었네요.... 처벌이라 해봤자 징역 9년 그리고 관련자들 법관련자 처벌은...하나도 ... 하늘나라에서도 얼마나 원통할까 생각듭니다. ㅠㅠ 아버님은 얼마나 원통하실까 걱정됩니다. 제발 이 사건은 묻혀지지 않았으면 합니다.,1,3
장똥훈 중사 참으로 위대하십니다 ! 인생쫑났네요. 얼굴 다 퍼져서 한국에서 살기는 글렀네요. 여윽시 관상은 과학이여 . 생긴대로 논다는말 딱 맞는 관상입니다. 그런데 짱똥훈이 형량이 겨우 9년이라니 !,0,193
판사들이 자꾸 풀어주니까 우리나라는 성범죄에 대해서 남자가 한 번 쯤을 실수할 수 있지라는 인식이 있는 거 같음. 지들 딸이 저런 일 당하고 죽으면 어떻게 판결할 지 궁금함. 물론 본인 가족 재판에는 관여할 수 없겠지만.,0,2
군대가 아무리 좋은 이미지 쌓으려고 쌩 난리를 쳐도 이런 사건에 다 무너진다. 좋은 이미지 쌓고 싶은면 최고 형량으로 사회에 못나오게 해야 다시 국민의 군대로써 신임을 얻을수 있다,0,5
건강한 조직으로 거듭나야 전쟁에서도 승리한다. 저런 짓은 군의 전투력을 약화시켜 적군이 유리하게 만드는 이적행위. 군검찰 군판사 똑바로 못하면 없애고 검찰과 법원이 맡아야,0,1
저런 인간은 실명과 얼굴을 대한민국 전체에 공개해서 얼굴들고 밖에 돌아다니지 못하 해야한다?!. 절대 가벼운 형량을 받아서는 아니될것이다?!.,0,1
일벌백개를 해야 재범이 없어지지 피의자는 사형 또는 무기징역으로 처벌하고 관련자 모두 중형으로 처벌하라,0,0
아오..진짜 저런 인간들은 그냥 무기징역 밖혀야지,0,0
고양이한테 생선 맡기는것 검사도 판사도 군인도 경찰도 수사할 수있는 단독수사기관이 있어야하는건데 에휴 대한민국 자체가 썩어있어,0,1
개인적으로 자살은 정말로 하면 안되고 어떻게서든 살아서 복수를 하든 뭘하든 해야한다는 생각인데.. 이 경우는 왜 이러한 비극적인 선택을 했는지 조금은 이해가 간다. 모두가 절 죽였어요 ... 라는 말로 피의자에게 더 큰 형량을 주고 자신이 느꼈던 절대권력 자들을 난처하게 하고 심지어 그 자리에서 끌어내리게 했으니 말이다... 다만 그 선택으로 인해 아파할 가족들과 신랑이 너무 안쓰럽다 ㅠㅠ 부디 좋은 곳으로 가시길 빕니다.,0,37
가해자가 당당히 사는 나라이기에 신상공개를 안한다. 판사들 역시 가해자다.,0,1
재판장 검사 변호사 수사관 전부 군인인데 수사 재판이 제대로 이루어 지겠냐? 전통대로 지들 끼리 감싸고 무마하려들지 군사재판은 전시때나 하고 빨리 민간 재판으로 넘겨라 맨날 자살 처리하고 무마하지 말고 너거들 때문에 자식 군에 보내고 발뻗고 자것냐?,0,1
룸싸롱가서 여자 비비니까 저런일을 판사나 대장들이 사소하게 생각하는것,0,6
"나도 현역 군의관이지만 진짜 군대에 쓰레기 많다....일부로 전체를 일반화를 시킬수 는 없지만.... 분명히 사람이 해야할 상식적인 행동에 벗어나는 인간들 많음 이런 인간들이 내가 낸 세금으로 밥벌어먹고 벌레짓 한다는게 끔직하다 물론 나야 이런 조직에 몸담을 생각이 추호도 없이 의무복무 끝나면 돈벌로 뒤도안보고 나오는거고 집안에 검사나 변호사들이 있으니 법적 자문을 얻기 쉬운편이고 사단장이든 군단장이든 비위가 있으면 끝까지 물어뜯어서 죗값을 치르게 하겠지만.... 진짜 일반직업군인이고 백없는 사람들은 진급등이나 업무관련된 위력으로 상급자가 찍어누르면 뭐 어떻게 할 수가 없지 않을까 싶다 그러니 저런 말도 안되는 행동들이 군이란 조직에서 반복되는거고 그래서 조직은 자꾸 썩는거고... 군은 명심해야 한다 너네는 기본이 안되있다 기본이 솔직히 이예람 중사가 저런 상황일때 원칙대로 일만 처리했어도 이지경은 안됬을거다 죄를 지은게 대대장이든 사단장이든 참모총장이든 국방부 장관이든 법위에 사람없다고, 죄를 지었으면 절차에 따라 정당한 처벌과 죄를 받아야 한다 상급자의 비위나 범죄는 당연히 하급자가 자연스럽게 고발할수 있어야 하고 그고발된 내용에 대하여서는 엄격하게 법과 원칙에 따라 모든절차와 수사가 행해지고 죄가있으면 정해진 법에 따라 처벌해야 한다 맨날 비리에 뒷돈에 용사들 개밥이나 주다거 걸려서 보여주기식 도시락이나 싸고 있고 더듬고 만지고 여군 자살이나 시키는 당나라 군대라는 불명예를 너네 스스로 벗어내야 한다",0,17
장가 행동을 보면 순수한 사랑이라 절대 보기 어렵다 만약 손잡고 눈치보고식이엇다면 인정할수도... 평소해오던 장가의 더럽고 무뢰한 욕정이 한사람 죽엿다 판사가 내리는 벌 받고 조 ㅅ 썩어라,0,0
검찰이든 판사든 진짜 레전드다 본인 딸이 저렇게 성추행당해서 자살해도 저렇게 판결할까? ㅋㅋㅋㅋㅋㅋㅋㅋㅋㅋㅋㅋㅋㅋㅋㅋㅋㅋ 대한민국의 미래가 밝습니다!^^,0,0
이런놈은 살인죄 적용하여 무기징역 집행하라,0,1
"너무 예쁜 딸, 제대로 피워보지도 못하고 짧은 생을 살다가 가야했다니~! 썩어빠진 군. 꽃다운 한 여군의 삶을 마감시킨 장중사는 무기징역 엄벌촉구한다. 군법무관 또한 성추행을 가벼이 여기고 덮으려 하고 무고한 생명을 끊어낸 죄에 대한 책임과 엄벌 촉구한다.",0,0
5:10 저런 문자오면 너와 관련자가 사살이 되든 너에 가족 중 여자가 있으면 청소년 불문 지나가는 행인들이 강간을 할수있게 법으로 지정이 되어야 해 같은 문자를 주던 과감함이 있어야 하고 군법결과를 떠나서 제대하면 됨.... 그런게 본인이 못하니 자살은 택한거지만 정말 피해자도 마음에 짐은 있겠지만 용기가 많이 필요함..... 특히 한국이나 이슬람권 문화처럼 이런거에 폐쇠적인 나라들은 더욱이.... 이슬람권은 종교교리에도 없는거 안 착용했다고 탄압하지를 않나....시대는 변화는데.... 이런거 신상공개는 필히 되어야 하는데 그래야 오고가는 시민들도 찾아가서 미국처럼 집에 돌던지고 스프레이로 강간집 가족들 적어놓고 할건데.... 범죄자들은 피해자에 고통을 모름....알턱도 없고.... 본인이 즐길려고 범죄를 하는거지 남에게 고통이 따른다는 생각을 안하죠.... 그래서 정당방위 하다가 죽고....그럼 법은 범죄자를 어떻게 제압해야지 정당방위 인정.... 판사새끼 검사새끼는 자기집에 특수강도범이니도 모르는 인간이 들어와서 정당방위 행세할려고 하는데 어떤 무술을 알고 칼은 어떻게 휘두르고 총기는 만질줄 알고 생각하고 제압하니.... 차라리 미국처럼 먼저 선제공격하면 죽여버려도 되는게 정당방위인데.... 짱개마인드가 아직도 한국에는 많음.... 그건 고함치고 배기음크게하고 아무데나 컥컥거리는 가래소리등등 이런건 대륙가서 다시 하고 국토수복하면.... 그때는 미국처럼 할렘가 만들어서 끼리끼리 살면되니까....미국도 좋은동네도 있음 밤에도 돌아다닐수 있고....,0,0
"왜 꼭 피해자가 죽어서야 움직이는 건지....사회가 정의쪽으로 움직이는데는 엄청난 시간이 필요하네요 그런데도 방관자, 3차가해자들은 아무런 처벌을 받지 않았고 가장 열받는건 처음 저 차 안에서 아무 일도 없는 듯 방관한 새끼들입니다!!!! 가해자 새끼는 지가 뭘 잘 했다고 협박하고 지 연금 걱정 먼저 한건지 열받네요. 연금 걱정 할거면 행동거지를 잘 했어야지. 악질이에요. 강력처벌 해야 되는데 꼴랑 징역 9년?????",0,10
군검사 도배르만이 실화기반이었네,0,1
증거가 넘치는데 머선 말들이많노 .삼가 고인의 명복을 빕니다.징역 100년 선고 !!나라지키라고 군대보냈지 이딴짓거리할려고 군대입대했습니까.조직이 개판이니 부하를잃은겁니다..참 바뀌질않네요 군대란게....,0,1
군검사군법원 제도 왜 있는지 모르겠네 폐쇄적인 조직 문화를 더 강화하는거 아닌가,0,0
성범죄 형량 고추짜르는것도 포함시키라고,0,0
또 법꾸라지들 변호사 군검사 군피아,0,1
군 재판 맡은 판사야. 너는 나중에라도 네가 무슨 짓을 저질렀는지 꼭 알길 바란다,0,98
이 따위 결과라..군사법원의 어처구니없는 판결이라..대단하십니다.,0,14
상식이 없는 판결입니다 윤석열 대통령님은 하루라도 빨리 덜 고통받게 유가족의 탄원에 귀 기울여주시기 바랍니다,0,8
대법원 판사들 국민이 뽑아야 한다,0,39
어쨌든 범죄자의 죄를 감형해주는 우리나라 법 진짜 답이 없다 이러니 성범죄자가 점점 많아지는것 아니야,0,70
판사도 AI 로봇으로 대체하자,0,27
유가족들은 가해자가 20년넘게 징역 받아도 만족못할텐데 오히려 2년을 감형해주다니 진짜 저러다가 유가족분들 못버티고 극단적 선택하면 어떻게 할려고 저런 판결을 내리다니,0,17
내가판사라면 더올려버린다 무슨법이 이런식이야 뭐잘했다고 항소를 하는건지 죄지은놈이 더당당한나라 기가찬다 에휴 답이없다,0,50
저런 판결을한 판사는 존재 의미를 모르겠습니다... 어휴,0,21
도대체 이나라 판사들 정신감정이 필요함.,0,6
형량이 15년에서 7년까지 줄어 버리네. 10심 재판이면 형량 사라지겠다.,0,29
아 ~ 판사야~ 너희 아든딸이 꼭 같은사건 으로 ~ 너같은 판사 만나서 7년받기를 빈다 내가~!! 제발~!!,0,11
7년까지 내릴거면 방관자들과 관련자들도 다 똑같이 7년해라 15년에서 7년이 말이 되냐 판사야 진짜 판사 맞냐,0,4
이 나라는 사적제재가 답이다 어차피 술 먹고 욱해서 찔러죽이고 모범수로 나오면 10년 안사는데 평생 저런 같지도 않은 재판결과에 고통 받느니 나같으면 죽여버린다,0,9
우리나라 판사들 피해자 생각은 하나도 안한다,1,12
"사형을 시켜도 모자랄 판에,,,어휴. 감형 판결낸 군판사놈은 지 딸이 저런 일 당해도 감형운운할 수 있을까? 이게 나라냐?",0,2
판사야 너와 네가족이 대대손손 이 죄를 다 받길 바란다,0,2
판사 딸이 있다면 반드시 똑같이 당하길 빈다.,0,1
법정에서 피해자를 지켜해주시는 커녕 가해자편에 서서 어차피 형량도 얼마 안돼는거 내 가족이 저런일 당하면 가해자를 똑같이 죽이고 나도 감옥에 몇년 다녀오는게 차라리 답인거 같다. 우발적으로 저질렀다는 핑계 대면서. 이 나라는 그거밖에 답이없다,0,0
왜 감형인가 !?! 정말 이해할 수 없다,1,5
"군대든 사회든 법조계가 개판인건 다들 이미 알잖아. 검사들은 기득권 타령, 판사들은 정권 눈치. 자기 일 아니라고 나몰라라 하는 국민들 덕에 국회는 법개정도 미루고 피하고.",0,2
법 없이 살고 있는 이나라국민들 무법천지에서 살게 하는 이나라 판사들,0,5
좋다 감형.. 대신 신상 공개하자 성폭력 가해자 잖아? 전역 당하고 나와서 비슷한짓 할거잖아,0,21
이러면 무슨판사가 필요있어 모든 재판을 배심원제로 해야지,1,0
지들이 뭔데 감형을 해 아무도 용서한사람이없는데,0,0
사실 가해자가 전관예우 찬스를 썼으니 군사법원 판결이 거지같을 수 밖에 없지요.,0,0
우리나라 재판을 피해자위한 재판아닌 가해자위한 재판이네 가해자 형량 낮춰주는 재판하는곳이네,0,2
저기있는 판사도 미래에 지가 저러다가 걸릴거같으니 미리 형량 낮게 주는듯,0,0
왜지들이 감형을 해주고 용서를 해주냐고,0,2
근데 판사가 범죄를 저지르면 누가 판결함??? 자기 선후배들이 판결해서 꿀 빨겠네 ㅉㅉ,0,1
판사인간들은ㅈ사람이 아닙니다,0,0
이런판결 들을 때마다 본인들도 추행한적 있었나 생각됨,0,1
내가 부모였으면 판사랑 판사가족 전부다 죽이고 나도 죽었다,0,1
사형이켜야되는거 아니냐? 판사도같이,0,1
사망원인이 장중사만 돌리면 안된다? 그럼 다 수사하고 징역해 감형하지 말고 몬소리야진짜,0,0
신상 공개하고 감형 해주든지 해라,0,0
아니.. 다 알았는데 모자이크좀 없애면안되냐? 징역때린거면 유죄라는건데 무죄추정도 아니고 왜 모자이크를 계속하는거야?,1,2
다들 난리들 이기는 한데 우리나라 군사 재판은 원래 다 봐주기 있던건 옜날부터 많았거든여 별로 그렇게 놀랄이도 그렇게 저거 할일도 아닙니다 뭐 거의 전통적으로 내려오는 판결들이라 이제 별로 놀랍지도 않음..,0,0
에게~~~~사람목숨에 7년이라니? 이건 검사나 판사나 문제다!!!! 무기징역형 구형 해야지..,0,27
참 ~~군사나 판사나 참 대단하다 어떻게 저런 말이 나오냐 참 공부잘 하는사람 필료없다니깐요,1,9
사람이 죽었으면 살 수 있던 시간 만큼은 형량을 때려야한다고 본다,0,4
반성없는 쓰레기에게 뭐 겨우 7년? 장난하나 살인죄를 적용해서 무기징역으로 가야지..,0,4
도대체 검사들은 뭐하냐 … !!! 7년이 아니라 7000 년도 모자란데,0,10
미쳤냐 징역 70년이 아니고 7년?,0,8
민일 당신들 자식들이 저런 꼴 당하면 과연 저렇게 판결을 내렸을까요?!,0,4
이예람중사가 누구때문에 무엇때문에 혼인신고 끝난 젊은 목숨을 버려야했는지 알고 판결하라 더러운 추행범을 봐주는 판사 공개를 원한다,0,0
애초에 군사법원에 맡기면 안돼 지들 끼리끼리 덮고 감싸는 한통속인데 공정하게 판결하겠냐,0,0
에고~~~~애초50년구형해야~~~20년정도내리지~검사뭐하냐~~~~ㅠㅠㅠ,0,2
징역7년....? 사형받아도 모자란데 ㅋㅋㅋㅅㅂ 역시 법은 데코로 달고다니는 나라,0,1
"성추행과 2차가해 형량이 이렇다면, 독신여성을 14년 넘게 집단적으로 스토킹해서 괴롭힌, 2009 프랑스 한국인유학생 불법촬영 조직스토킹 기타 가해 범인들은 몇 년 징역 살아야 마땅할까요? 궁금하네요.",0,0
7년이래.. 몇년 살고 모범적이어서 형량줄고 집행유예로 나오겠지?,0,0
표창장처럼 천인공로할 일에만 4년이 판사의 공정이지.,0,0
다음 대선땐 범죄자들 형량 늘리는 후보 촉법소년법 없애는 후보 무조건 찍는다,0,1
돌아가신 분의 가족들이 한이 풀릴 수 있는 판결이 나면 좋겠네요. 삼가 고인의 명복을 빕니다.,1,10
철저히 조사하고 정확하게 지은 죄만큼 합당한 처벌 받을수있게 해주세요. 징역 30년 정도는 살수있도록,0,5
죽을 사람들은 가해자인데...살아서 나쁜놈들 단죄 하시지 왜 그대가 생을 달리 하셨나요. 부대관계자가 제대로 일처리를 했더라면 이런 불상사가 없었을 텐데...관계자들 전부 군복 벗기고 부대장은 징역을 보내야 된다고 봅니다.,0,18
모두 다 파면시키고 연금 없애라 . 성범죄자 살인자는 징역 30년 이상 무조건 때려라,0,7
여 중사를 죽인 당사자와 당사자의 10단게로 올라가서 모조리 잡아서 사형 내지는 무기징역을 해야 할것을 강력하게 촉구 합니다.,0,18
"회유,묵인한것들이랑 가해자넘 다 불명예로 전역시키고 징역 겁나 때려라 그리고 군대내 이러한 범죄들 많을거다 다른부대들도 조사해봐라ㅡㅡ",0,44
인간의탈을쓰고 저렇게 까지 하고싶냐 가해자 성추행을당했는데도 군부대에서는 아무렇치않게 대처하고 너무안타깝다 24살이면 한창 이쁠나이인데 내조카뻘이라 눈물이 나네요 가해자는강하게처벌해야된다 그리고 그부대관련자들 모두 조사해서 엄벌히 죄를물어 징역을 국개의원들 쳐놀지말고 국민세금이아깝다 법을만들어놓으면뭐하냐 법에맞게 처벌을 못받는데 대통령은뭐하고 국방부장관은 뭐하냐 너거일아니라고 회피하냐 똑바로해라 국민세금빨아먹는 모기같은 인간들아,0,0
군대인지..텔레그램방인지 무엇이다른가.. 무기징역이다. 미필적고의로인한살인이다,0,5
정말 댓글안남기는 편인데 이런새끼들은 제발 무기징역이나 사형시켰으면좋겠습니다 다른사람의 60년을 빼앗아가고 징역 몇년받고 나올거라 생각하니까 화가 치밀어 오릅니다.,0,0
"군대 처럼 폐쇄적인 집단은 범죄집단이 될수 밖에 없으니 외부에 독립적인 수사,사법기관을 반드시 가져야 한다. 피해자를 가해자로 가스라이팅하며 2차가해하는 새끼들도 꼭 반드시 파면에 징역보내야 한다. 단장이 사법권도 갖고 있다는게 진짜 코미디다. 군대권력은 잘못 분배되있다. 상사가 온갖 권력을 다 가지고 있으면 온갖 범죄에 대한 은폐도 가능하다는 것인데 그게 무슨 군대냐? 범죄집단이냐? 썩어서 범죄소굴밖에 더 되겠냐? 그리고 군사법원 폐지하고 민간사법부에서 정당하게 객관적으로 윗선군부대압력없이 판결받고 수사받도록 해야한다. 군경찰이니, 군사법원이니, 군대소속인권센터니, 군대소속 변호사니 다 한통속이고 윗선압력으로 은폐하려하고 아무도 이중사를 안도와주고 이중사가 혼자 고립되고 스스로 구제할 어떤 방법도 없으니까 극단적 선택을 한것 아니냐. 그러니 선진국인 독일처럼 군경찰, 군사법원 같은거 다 폐지하고 민간경찰, 민간사법부에서 윗선압력없이 객관적 독립적으로 수사, 판결받도록 해야 한다. 수사도 군경찰이 아닌 일반 경찰이 하도록하고. 성폭행사건 누락한 새끼들도 다 징역형보내야 한다. 미친것들 저것들이 군인이냐 동네깡패새끼들이냐. 2차 가해한 새끼들은 완전 파면에 징역으로 보내야지 무슨 보직해임 지랄하고 있네. 군인도 대한민국 국민이다. 왜 군인의 인권은 보장되지않는가? 군인도 대한민국 국민이기 때문에 민간 경찰의 수사와 민간사법부의 재판을 받을 권리가 있다. 왜냐면 군인이기 이전에 대한민국 국민이니까. 군인의 인권도 보장해주지않는 군대에 어느 누가 충성을 하며 그런 군대에게 어떻게 국민들의 생명을 믿고 맏길수 있는가?",0,0
"이중사가죽지않았다면이미결혼도한거고남편도그사실을알고있네요.사랑하는사이지만이런상황이계속됨을알고그들의가정이사랑을유지할수있을까. 살아있어군생활을했다면언젠간강간을당했겠죠.그리고건강하고젊으니임신도하고누구애인지참,검사도할수있죠.그래서다른이의아이라도남편도자신의아이로키울수밖엔없겠죠.자상한남자인데아이에게는과묵한아빠가되고이성을못잡을수도있죠그럼폭력을휘두르는아빠가될수도있고아이는아이대로힘겨운시절을보낼것이고,성취행성폭행간강이들이하는짓이단한사람에게만하는짓이 아니다.콘돔사용법을가르칠것이아니라누구가성희롱당했을때피해자에건배려를 가해자에겐잘못된행동에처벌을받을수있도록함을가르쳐라.피해자는상사에게알린다를중간에이렇게회유상황이되는것이현실이라면조사와처벌조치로갈수있는방안은무엇이있을까요.",0,1
유가족들은 저렇게 슬픈데ㅠㅠ 헐 24살..이면 진짜..저런애들은 걍 무기징역좀 제발 해줘..,0,1
징역살다 나오면 끝이라 생각하고 있겠지..그때부터 시작 이다..,0,0
이거보니까 대대장도 문제 많은데 노준위..? 애 말하는거부터가 성폭력이나 성폭행 한 적 잇을꺼 같음 군 부대 전체 검사해라,0,1
남초직장에 들어가 있는 여자들의 인권이 좋을 거라고 생각하거나 그곳의 메뉴얼이 피해자에게 유리할 거라고 생각하는 바보들은 없기를 바란다. 무조건 그들과 떨어진 공적인 곳에 신고하고 사건을 공론화 시켜라. 가해자와 그 가족까지 끝장을 내버리겠다고 생각하고 덤벼라. 당신이 피해자라면 당신의 가족도 피해자가 된다고 생각해라. 검사놈들도 여검사 성추행하고 성폭행 하는데 경찰조직은 안 그러겠냐? 소수의 여경이 있었을 때는 말할 것도 없고 여경이 피해자가 되면 대체 어디에 신고를 해야 하는지 이런 피해에 대해서 가장 불합리한 곳이 여경일 가능성이 가장 높다.,0,0
판사에게도 꼭 같은일이 일어나기를 빕니다,1,2.2천
"칼에 찔려 사람이 죽었는데, 수송한 구급대원이나 응급의학과 의사선생님이나, 수술한 외과 선생님도 잘못이 있을 수 있으니.. 찌른 사람의 형량을 낮춰 줘야 한다는 판결이군요....",0,4.2천
판사한테도 꼭 똑같은 일이 일어나서 피눈물 질질 짜시길 빕니다^^,0,213
아침부터 이런소식을 들으니 기분이 좋지 않네.. 정말 가슴이 미어진다.. 감형되서 조금이라도 기분이 좋아졌을 가해자에게 말하고 싶다. 남을 못살게 굴고 괴롭혀서 눈물나게하면 언젠간 자기 눈에 피눈물 난다.. 이번생이든 다음생이든 똑같이 악연이 되서 그대로 돌려받을거야. 그러니 안심하지마라.. 살아있는게 고통스러울 정도로 불안에 떨며 살길 바란다..,0,4.7천
진짜... 부모님의 마음이 얼마나 찢어지실까... 성추행도 정신적인 피해를 입히는 만큼 강력하게 처벌받았으면... 심지어 피해자가 죽기까지 했는데 저런 판결은 동의 못하지...,0,46
존경하는 판사놈들 오판하는 범죄마다 네 가족들이 똑같은 범죄 피해를 받아서 평생 후회하며 고통받고 살아가길 ....,0,2.5천
가해자와 판사가 같은 일을 겪기를 기도합니다,0,594
직장 밖도 아니고 직장 내에서의 성추행이였다. 직장내 괴롭힘은 더 치명적이기때문에 감형이 아니라 가중해야 맞았다,1,27
"장 중사한테만 죄를 지울수 없어 2년 감형했다면, 뺀만큼 같이 쉬쉬했거나 감춘 윗선이나, 간접적으로 가해를 준 사람들도 다시 샅샅히 조사해서 더 처벌합시다",0,1.5천
너무 마음아프다. 악하려면 악마보다 더 악한것이 인간이라더니. 가해자+판사 둘다 꼭 단명하길 기도할게요. 피해자분 영면하시길...,1,5
와... 가해자 때문에 사망했는데 책임을 가해자에게만 물을 수 없어 감형했다니.. 진짜 판사들은 상식이 통하는 정상적인 인간이 아닌거 같다..,0,1천
사망에 대한 책임을 장중사한테만 줄 수 없으면 장중사를 감형 시키는게 아니라 장중사 포함 책임자들까지도 모두 세게 형량을 줘야 맞는거 아닌가?,0,3.5천
성추행이 너무 큰 죄악이고 결정적인원인이지만 이이후에 이예람중사에게 가해진 2차 3차 군가해가 더심각하다고생각하는건 동의합니다 그에따른 다른 처벌없이 감형만이 이루어진것이라면 정말 답이 없다,0,115
판결내린 판사님 꼭 자식이나 소중한 사람이 저것보다 더 심한 짓 당하길 빌게요. 다른 사람눈에 눈물나게 하면 꼭 본인은 피눈물 흘리게 된다는걸 명심하세요.,0,703
아버님 참지마세요 군판사놈과 가해자놈들 다 찾아가 잔인하게 죽이세요 복수가 답입니다 이 나라엔 정의가 없어요 내 가족이 같은상황이면 전 절대 참지않습니다,0,2
"아니 가해자를 유족이나 피해자가 용서해야지, 법이 무슨 권리로 용서하고 감형하는건지 우리나라 법 진짜 이해가 안가;;;",0,1.2천
너무 마음아파서 눈물이 납니다... 사형때려도 시원찮을판에 감형이라니 참.... 항상 우리나라 법에 대한 회의감이 많이 드네요,0,885
"나라를 지키려고 군인이 됐는데 정작 나라는 피해자를 지켜주지 않네요 ,, 참 씁쓸합니다 ,,, 한 사람의 생명을 앗아간 사람인데 감형이라니요,,, 이러니 군 내에서 사건사고가 끊이지 않는겁니다. 바로 잡을 건 바로 잡고 벌을 받아야하는데 그저 위에서 쉬쉬하는 분위기니까 반복되는거에요 ,,, 답답합니다 정말",0,875
피해자가 용서를 해줘야 감형 가능하게 법을 바꿔야한다. 피해자가 사망했을땐 감형이 불가능하게,1,420
"공부 잘 하는 판사 말고, 상식과 법이 통하는 판사가 필요하다.",1,612
아버님의 절규가 정말이해간다.. 이중사 동영상도 봤는데 징역7년이 말이되나. 아버님.. 그 절규 꼭 기억하겠습니다,1,0
존경하는 판사님. 부디 당신에게도 똑같은 일이 일어나길 빕니다 ^^ 뭐 특권의식 선민의식으로 본인에겐 이런일이 안 일어날거라 믿고 사시겠지만 업보는 반드시 받게 되어있습니다 ^^,1,328
판사들아 니네 아들딸이 이렇게 죽어도 그딴식으로 판결할수있냐? 어떡게 그런 모자란 머리통을 가지고 그 자리에 올라간거냐.... ㄹㅇ최대의 미스테리다....,0,544
저런 판사들 꼭 더 심한 끔찍한 일 당했으면 좋겠다.,0,1
어머님 아버님 너무 가슴아프고 눈물난다.... 이 나라 판사검사는 정말.... 용서할수없다,1,47
책임을 가해자에게만 돌릴 수 없다는건 추가 처벌을 해야한다는 것이지 감형의 해석이 될수는 없다.,0,132
판사님 살면서 피눈물 흘리시면서 돌아가시길 빌어요 판사님 자식들도 저거보다심한 일이 있었음 좋겠네요 ^^ 아침마다 기도할께요,1,0
"이래서 복수는 직접 해야 됨. 그냥 복수하고 징역 사는 게, 정신건강에 좋음",1,155
모든 판결시에 판사들 얼굴 공개해놓고 판결하게 해야합니다.,0,272
판사에게도 이런벌이 내려집니다. 꼭,0,1
정말 피가 거꾸로 솟네요 대한민국 국민들이 분노합니다 감형이라니~~,0,857
판사 가족들에게 보복이 있기를 간절히 하나님께 기도합니다,0,69
판사들에게도 더 심한일이 일어나길,1,0
생각을 안하지? 왜 항상 법은 피해자보다 가해자의 인권과권리를 더 보장해주는가? 가해자는 피해자에게 어떤 가해행위를 했을때 피해자의 인권과보호받아야할 귄리를 지켰는가? 그걸 지키지 않은 가해자는 왜 피해자가 용서해주지 않았는데 국가가 나서서 가해자의 인권과권리를 보호해주고 챙겨주는지? 아직도 모르겠다 법은 지키는자에겐 공정한것이고 지키지않은자에겐 공정해선 안되는것이다 법을 지키는자에게 불리하고 법을 안지키는자에게 유리한 판결이 지속된다면 과연 누가 이사회에서 법을 지키고 살까요? 법을 지키는자에겐 당연히 사회와국가가 지켜주는것이고 법를 어기는자에겐 사회와국가로부터 보호받지못하고 법을 어기면 그에따른 정확하고 강력한 처벌을해야 법을 어기지않는다 법은 각종 범죄를 행하지 않게 하는 안전장치일뿐이다 근데 그 안전장치가 법을 어긴사람을 보호해주고있을뿐,0,40
피해자가 사망했다는 이유만으로 중형이 내려져야만 한다는건 법치주의에 맞지 않는거지만 법이 국민을 충분히 지켜주고 가해자에 대해 확실한 처벌을 준다는 믿음이 있을때 국민이 법을 따르고 지키지 않을까 싶네요. 물론 가해자도 국민이겠지만 가해자에게도 무죄를 입증할 3번의 기회가 있으니 형량에 대해서는 확실히 예전보다 확고해졌으면 합니다. 또한 항소가 된걸 안 시점에서는 원고측에서도 최대한 더 근거를 찾아 가해자가 그저 형량을 줄일 목적으로 항소를 했음을 어필해야 할거 같다는 느낌을 받고 갑니다.,0,84
참 진짜 대단하다. 이게 나라냐?? 판결내린 사람의 가족도 똑같은 피해자가 되기를 기도합니다.,0,41
항소심에서 더 강한 처벌 판결이 가능하도록 해야함,1,131
"판례대로 처리하는 판사가 문제가 아니라, 대한민국에서 입법을 하는 국회가 일을 안해온겁니다. 어느 정부를 이야기하는게 아니라 지금까지 시간이 흘러오는 동안 서로 자리 싸움, 기 싸움에 저런 강력범죄를 의원들이 저지르기도 하면서 굳이 형량을 안올린겁니다.",0,13
"이런 세상을 만든 건 국회의원, 판사, 검사, 변호사. 그리고 그들을 그렇게 만든 건 우리 모두...",0,6
법이 원래 이렇다 저렇다를 다 떠나서 판사들 당사자나 가족들이 제발 저런 일을 겪길 바랍니다.,0,16
부모님의 오열에 분노가 치밉니다 감형에 대한 책임을 꼭 느끼시길 가해자 진짜 역겹다,0,0
판사 및 가해자에게 처참한 보복이 있기를,0,15
"판결내용보면, 혼자만의 책임이 아니라면 그책임을 누구한테 물어야하나? 저 군사재판판사들 신상공개해라. 판결하면서, 저 가해자 혼자만의책임이 아니라고 했으니, 같이 책임질 사람을 찾아야지. 쓰레기 판결한 판사는 또 같은내용으로 같이 판결할거고, 당장 해임 시켜야한다.",0,1천
하나 같이 하는짓 보면 속이터져 숨이막히네~~ 7년이 말이됩니까? 사형실행을 안하니 내아까운세금만 존내게 내고 저런악마새끼들 줄 밥도안깝다정말 법좀제발새로바꿔라 판사들 부끄럽지도않냐? 진짜 솜방이처벌 진짜 지겹다,0,1
대단하네 재판장 가족도 꼭 피눈물흘리는날 오길바란다,0,1
한사람의 인생을 끝장낸 범죄자의 죄값이 고작 7년이라... 아무리 혼자 한 범죄가 아니라고 하지만 그렇다고 감형을 시킬이유가 있나? 그냥 형량은 놔두고 다른 공범들에게도 똑같이 형량주면 되잖아 이게 진짜 말이돼? 진짜 판사들 무슨 생각인거야,0,599
신이 계시다면 판사도 똑같은 일이 생기게 해주세요 ....,0,3
이 판결 내린 판사한테는 더욱 더 끔찍한 일이 있길,0,0
앞으로는 가해자를 위한 판결 내리는 저런 무상식 무쓸모 무양심 판사들 은 피해자나 제 3자가 사적 으로 보복하는 시대가 올 것이다. 정의를 바로 세우고 피해자를 보호하며 범죄자를 단죄해야 할 판새들이 오히려 범죄자들을 용서하고 감형해주는 범죄자들의 수장 역할을 자처하고 있다. 하루이틀도 아니고 판새들도 목숨 걸고 정당한 판결 내리도록 국민들이 협박이라고 해야할 판,0,161
"판사의 판결문은 결국 고 이예람 중사가 극단의 선택을 하게끔 몰고 간 책임은 약자를 지켜주지 않는 사회에게도, 사건을 숨기려는 군대에게도, 힘들어하는 동료를 도와주지 않은 동료들에게도 있다는 말입니다. 그걸 가해자 한명에게 모두 전가할 수는 없다는겁니다. 여기서 국민이 해야할 점은 이 책임을 군에게 물어야하는겁니다. 가해자 한명에게 이 책임을 모두 문다면 사실상 부조리한 군 시스템은 문제가 없다는 의미가 되니까 말입니다.",0,47
판사도 가족이 있을 테고 자식을 잃은 아버지의 심정을 이해할 수 있을 텐데 왜? 아버지가 절규한다고 해서 딸이 살아 돌아 오는 것은 아니지만 그래도 아비된 도리로써 딸의 원한을 플어 주려고 하는 것인데 판사는 최소한 아버지가 원하는 만큼은 들어줘야 하지 않나?,0,14
하.. 감형을 할거면 아예 처음부터 형량을 줄이시지 그래? 진짜 어이없네 삼가 고인의 명복을 빕니다 하늘에서는 행복하세요,1,0
판사님 가족에게도 꼭 똑같은 일 생겼으면 좋겠어요~,1,0
이 사건부터 민간 법원에서 재판해야지 감형할 거 다 해주고 이제와서? 죽은 사람만 억울하고 산 새끼는 항소하고 2년 감형까지 받고 .. 진짜 가슴이 미어터진다 자기 새끼 일이라고 생각해봐라 저런 판결이 나올 수 있는 지. 제발 신이 있다면 가해자 새끼들 모두 살아서 숨 쉬는 동안 죽음보다 더 한 고통을 주길,0,0
"범죄자 7년, 부모님은 아마 평생을 죄책감속에서 살텐데 심지어 책임이 없다고 2년 감형. 범죄자는 죄책감도 없어서 항소까지 했는데 참 안타깝다. 법이 범죄자를 보호하고 피해자나 유가족을 보호해주지 못하다니 국회는 뭘 하고 있고 책임있는 법조인들은 무엇을 하고 있는가? 범죄를 한 사람보다 피해를 본 사람이 더 지옥에서 사는 게 말이 되는가?",0,0
되게 웃기네 혼자 처벌 받는 가해자가 불쌍하면 철저하게 조사해서 줄줄이 사탕으로 관련된 자들 싹 잡아 벌주는거지 가해자 혼자서 다 덮어 쓰기엔 불쌍하다고 감형을 시켜주다니…발상의 전환이 대박이다,0,4
판사가 사람이 아니다 정말 ㅜ,1,220
미쳤다 자식을 잃었는데 적어도 가해자를 감형시키는 건 아니지,0,88
판결이 합리적이냐 합리적이지 않느냐를 떠나서 대다수가 이해하지 못하는 결과는 사회를 혼란시킨다.,0,21
부모로썬 하늘이 무너지고 도가 떨어지는 절대 받아들이기 힘든 판결이다. 내가 저 부모였으면 반쯤 미쳐서 법원에 불이라도 지르고 싶을 정도로 분노했을듯,0,168
저런 판결을 내린 판사의 가족에게도 똑같은 비극이 생기길 바란다.,0,1
항소하면 감형은 기본이 되가네.... 우리나라 법조인들은 먼 생각으로 판결을 내리는지.... 정말 믿음이 안간다...,1,384
고인의 유족들께 위로의 말씀을 드립니다. 할 말을 잃게 만드는 판결이네요.,0,0
자기 자식들이 이런 일 당해도 이런 결과 판결 낼수 있는 판사가 있을까? 진짜 국회의원들 부터 다시 뽑고 국민들한테 매월 브리핑 시켜야 합니다. 우리 세금이 우리를 행복하고 강한 나라가 될수 있게 지금은 국민은 보호받지 못하고 있다고 생각합니다. 가해자 들은 보호받을 필요가 없다고 생각이 되고 범죄자들은 죄값 뿐만 아니라 평생 얼굴공개가 되어서 떳떳하게 살기 힘든 나라가 되길 바랍니다.,0,0
사법부의 판결만으론 범행이 통제가 안되니 미국처럼 가해자 얼굴 공개하여 사회적 평판을 추락시켜 두번다시 범행을 저지를수 없게 해야합니다,0,19
감형이고 나발이고 중사님 살려내…,1,87
장중사만 죄를 탓할 수 없다는게 도대체 무슨 말이지..저 사람이 성추행을 저질러서 피해자가 죽은 건데 진짜 신박한 판결이다 이 일의 원흉이 가해자인데..,0,3
"너무 마음 아픕니다 아버님의 저 절규.쓰러진 어머니..... 어떤말로도 표현할수가 없네요 감형이라니요 말도 안됩니다 가해자의 딸이,동생이 그랬다고 생각해보시죠 잘못되도 한참 잘못된 현실!",1,71
이게 대한민국 법이라면 난 판사를 법원을 믿지 않습니다! 정의는 어디로갔나? 이런 법 아래서 국민이 사람답게살수업다,0,0
사망에 대한 책임을 가해자에게만 돌릴수 없으면 누구에게 돌려야하나? 진짜 개판인 한국법 판사....더럽다 더러워,0,116
사망에 대한 책임을 가해자에게만 물 수 없다면 피해자가 소속되어있던 부대의 책임자들도 형 선고받고 함께 책임집니까? 그것도 아니면서 왜 말같지 않은 이유로 감형을 합니까? 어이없는 재판에 박수치고 갑니다.,1,416
판사가 제발 똑같은일을 겪게 되어야할텐데,0,2
판사자식도 성폭행당하고 가해자 무죄받기를기원합니다,1,1
"우리나라 판사들 . . . 역시 실망시키지 않는구나. 대한민국은 가해자들의 천국이다. 법이 바로 서지 않으면, 나라가 갈수록 엉망진창이 되어간다. 어떤 짜장이 말하듯이 ""공정과 상식""은 가해자를 위한 ""공정과 상식""이다. ----- ""사과는 개 한테나 주는 거야."" ----- 윤짜장",0,59
고등교육을 받아 판결권을 가지고 있는 사람들이... 어찌나 이렇게 피해자의 마음을 몰라줄까..,1,1
"드라마 친애하는 판사님께 대사중에 피해자가족이 한 말이 떠오르네요 ""내가 용서하지 않았는데 법이 용서를 왜 해주냐고!""",1,2
"저렇게 더러운 행위를 했는데 징역도 더럽게 적고, 심지어 그것도 감형을 하다니.. 진짜 답없네.. 저렇게 판결한 판사분도 가족분들이 저런 행위를 당하게 빌게요.. 판사라는 사람이 저런 판결을 내리는 모습이 참... 대단하다 K판사!",0,103
존경하는 판사님도 딸이 꼭 있으셨으면..^^,1,0
사라질 군사법원이 내린 판결 수준이 이정도입니까? 왜 사라져야하는지 스스로 증명하고 싶은 건가요? 마지막까지 정말 치졸하네요.,0,0
재판부는 자기가족에게 떳떳하게 살지말아라 당신들의 어긋난 판결들이 피해자들과 그가족들을 두번 상처주는거다,0,0
대한민국 판사님들이 현실도 모르고 얼마나 자비로우신데... 정상적인 판결이 나올거라 생각도 안했다. 피해자만 억울할뿐,0,1
진짜 처벌 받기를 바라며 마음졸이는것보다 이에는 이로 똑같이 되갚아 주는게 낫겠다 싶은 판결이다… 저 부모의 심정은 가해자를 고문하고 매달아버리고 싶을것.,0,0
감형 이유 대로 라면 그 책임이 있는 모든 사람에게도 장중사와 같이 죄를 물어야죠. 아버님의 절규가 백번 이해갑니다.,0,0
사회복지와 인권 과목에서 발표할 때 이 사건을 다루고 여군 인권 관심의 중요성을 강조한 적 있는데 참 안타깝네요... 가해자만의 문제가 아니라고 판결이 나왔으면 가해자는 가해자 대로 2차 가해자는 2차 가해자 대로 처벌해야지 감형이 무슨 말입니까,0,0
판사 대단하다^^ 나중에 꼭 유가족 심정 알 일이 생겼으면 좋겠네,1,2
"판결한 판사들의 딸이 같은 일을 당해도 똑같은 판결이 내려지길, 진신으로 바래봅니다.",0,0
가해자도 저런 판결을 내린 판사도 그냥 더 끔찍한 수모를 당하길 빌게요,0,0
몹쓸 짓은 피해자가 당하고 용서는 판사가 한다. 정의의 기준은 여러가지가 있겠지만 결코 이런게 정의로운건 아닐 듯.,0,151
판사들 재교육해야한다 사실 우리나라 법감정이 일반 시민과 넘다르다 무조건 판사만 옳다는건 문제다 판사의 새로운 기준을 만들라,1,8
판사 자식들도 똑같이 되길 빌어봅니다,0,0
판사 가족도 똑같은 일을 당해서 똑같이 처벌됐으면 합니다.. 제발... 이 중사 부모님의 마음이 지금 여기까지 전해지네요... 참 마음이 아픕니다...,0,1
생판 모르는 남인데도 불구하고 우리나라 법이 내린 판결을 가만히 듣고 있으면 옳지 못하다는 생각이 든다. 이런 법으로 사회를 와해시키지 않고 언제까지 유지시킬 수 있을지 의심이 든다.,0,84
사형에 처해야할사람 왜 감형하는거야 이나라에 정의란 있는거야,0,96
판사는 진짜 제대로 판결내려야지 가해자는 좋아지는 나라가 어이가 없네 없어 입장바꿔생각해보면 최소한 형량이 줄어들어선 안되는거 아니가,0,0
"가해자와 가해자가족들,판사와 판사가족들 다 똑같이 당하고 고통 속에 죽지말고 살아가길 간절히 기도하고 바랍니다",0,50
이렇게 가해자를 감싸고 피해자를 보호해주지 않는 이런 판결을 내리는 판사 같은 사람들이 군부대내에 널렸으니 이중사가 극단적인 선택을 한 것 이겠지. 판사들도 이중사 죽음에 책임이 없나 돌아보아야 한다.,0,0
고등법원이든 뭐든 판사들도 똑같이 자녀들과 본인 가족. 끔찍한사고 당하길 바랍니다,0,1
딸을 저렇게 보낸 부모님은 평생을 지옥인데 저렴놈을 감형 이사건은 국민서명운동을 해서라도 가옥한 처벌을 내려야하는데,0,0
어떻게 저런 판결을 내릴수가 있지? 그냥 상식이 있는 사람이라면 저걸 항소했으면 죄를 뉘우치지 않는다는건대 형량을 더 높여야되는거 아니냐?,0,0
우리 나라 법도 영미법 적용 해야된다 교화 목적이 아니라 처벌 목적으로 감방 보내야 형량 늘어서 이런꼴 않나오지 유가족 힘들어하는 모습 보니까 나도 눈물난다,0,114
제발 판사님 가족들도 똑같은 일 당하시고... 감량 받은 일이 언론화 되서 나오기를 기대 합니다.,1,1
국방부 정신나간건가? 아니 이게어떻게 감형이야?,0,2
"이게 말이 되는 판결입니까? 판,검사 딸들도 똑같은 일 당하고 가해자는 무죄 받길 바랄게요",0,69
앞으로 이런 추행들이 또 계속 일어나길 바랍니다 여럿 죽고 또 같은판결에 부모도 가족도 다 죽고 그래봐야 법이 바뀔라나 봅니다 산사람이 먼저가 아닌 고인을 생각하며 판결을 내리길 바랍니다,0,0
잃어버린 2년..... 저 판결 내리신 판사님은 판사님 가족 분들이 똑같이 당해도 그렇게 판결을 내리실 분이라 믿어 의심치 않습니다:,1,0
엄마 아빠의 절규가 느껴지면 절대 감형 못한다.,1,0
"국회의원, 판사들 전부 참형하고 새로 뽑아서 법 개정하자, 그게 형량 늘리는 유일한 방법이다. 지금 상태론 형량도 그렇고 어느 것도 받아들이기 힘든 법이다.",0,0
1:08 와.. 소름돋는다. 엘리트로 취급받는 판사가 주요 원인을 모르다니... 피해자가 군 내에서 보호받지 못 하고 소외감을 느끼는 등 정신적 고통을 당한 것이 극단적 선택의 주요 원인이라고 본다... 그걸 제공한게 가해잔데? 판사 대단하시네요. 알파고가 획기적으로 개발 되어서 AI가 판결하는 세상이 더 깨끗 할 것 같습니다.,0,0
"이렇게 사법부에 대한 신뢰가 계속 깨지게 되면, 언젠가 피해자 개인들이 돈주고 가해자 처리하는 무법천지 대한민국이 될지도 모르겠다는 생각이 든다. 제발 판새들이 국민의 정서에 부합하게 판결하길 바란다.",0,0
그걸 꾸역꾸역 감형해주는 판사도 미쳤고 이런걸 감형이랍시고 해줄 수 있는 법도 미쳤다 진짜 세상이 미쳐돌아가는구나,0,4
판사들은 모든 범죄행위를 겪어본다음 세워야한다고 본다... 전례에 따라서만 판결을 내릴거면 하루빨리 AI가 대체되어야 할거며 피해자의 마음을 모르는 사람들이 무슨 판결을 내린다고,1,1
판사자식들도 꼭 똑같은 일당하길,0,0
피해자 가족은 용서 못하지만 판사는 용서 한다구!!!,1,0
할말을 잃었다... 아니 어떻게.. 형량이 줄고.. 고작 7년? 판사 얼굴 보고싶네.. 저런인간이 7년 살고 나와 사회로 또 복귀해서.. 돌아 다닌다고???,0,1
사망 책임을 전부 한 사람에게만 돌릴 수 없어 감형이라니.. 그 사람은 그 사람대로 다른 사람에게 책임이 있다면 다른 사람은 다른 사람대로 처벌해야 하는 것 아닌가요 감형 이유가 말도 안 됩니다,0,60
유족은 용서 안하는데 판사가 용서해주는 이상한 세상,1,3
판사임용 기준부터 다시 시작해야할듯 꼭두각시가 아니라 진정한 상식을 가진 평범한사람으로,1,2
평생 마음이 힘드실텐데 가해자는 감형을 안했어도 십년이 안되네,0,0
피해자가 용서를 안했는데 왜 니들이 감형하냐,0,2
우리아빠 내가 저런일 당하면 뒤도 안돌아보고 가해자 찔러 죽일거라 했다 이 나라 절대 못믿는다고 다른 가족의 평범한 일상생활을 망쳐두는 것 만큼은 절대 형량으로 죄질을 따질 수 없다고 처음에는 그게 무슨소리냐고 했는데 이제 조금 이해가 간다.... 그냥 전과자로 낙인찍혀서 평생 고통속에 살길,0,14
참가슴아프지만.. 법관의길을 걷던 사람으로써는 판결에 납득이 될수밖에 없는 현실이참 슬프네요...,1,0
법정에서 피해자를 지켜해주시는 커녕 가해자편에 서서 어차피 형량도 얼마 안돼는거 내 가족이 저런일 당하면 가해자를 똑같이 죽이고 나도 감옥에 몇년 다녀오는게 차라리 답인거 같다. 우발적으로 저질렀다는 핑계 대면서. 이 나라는 그거밖에 답이없다,0,0
미쳤네...어떻게 책임이 가해자에게만 있지않다는 판결이 나오냐 진짜 미쳤다 사람 죽게만들고 7년살다 나오네,0,14
"이러니 사람들이 법을 지키겠나?.. 나 같으면, 전재산 주고 킬러 고용해서 가해자 포함 가족들 모두 처리하겠다. 이게 도데체 말이 되는가??? 어떤 판사놈인지 똑같이 당해라. 내가 매일 저주하겠다.",0,0
판사들의 이런 판단들이 쌓여 대한민국이 점점더 아픈사회가 되어가고 있다. 판사의 책임이 현재 눈에보이는 자에게만 맞춰지는 판사감을 잃어버린 사실상 공정할 수 없는 감정에 따라사는 족쇄판사들이라 말할수있다. 한심하지만 그들의 능력은 딱 거기까지니 그들 역시 다른이들에게 조정당하는 그냥그저 공무원 나부랭이들이니까.,0,0
"저 판결 낸 판사 딸, 손자도 똑같은 일 당하길 바란다.",0,0
누구를 위해 존재하는지 모르겠는 판사들,0,0
자랑스러운 대한민국의 K-형량감소 하루이틀보는게 아니라서 마음은 아프지만 놀랍진 않네요,1,1
존경하는 판결 판사의 성함도 같이 알고싶습니다,1,6
아 진짜 짜증나네 인간이하를 감형해? 똑같은 인간들,0,1
"조만간 판사집에 불나겠네 ,,,, 진짜 감형의 목적으로 항소를 하고 그런다면 가중처벌이 되야합니다 술먹었다고 감형 . 조울증.조현증 이면 감형 참 ..... 사람이 죽었는데 7년뿐이라니 ...세상에나....귀한 딸 잃어버려서 정상적인 생활도 힘드시고 이번에 충격까지 받으셨으니....",0,60
사람이 죽어야 바뀌는 법..중사님의 희생 잊지 않겠습니다.. 그래도 정말 안타까운 법원의 판결은 화가 나네요...,1,1
법을 바꿀 수 있는 방법은 단 하나임. 판사나 국회의원들 자식들이 성범죄 당하는거. 그래야 정신을 차리든 말든 하지,0,0
"이건 이렇게 판결한 사람들이 본인 가족, 자녀가 똑같은 일을 당하고도 자신이 가해자에게 판결한것처럼 판결나도 웃으면서 수긍할수 있어야 가능한거 아닌가",0,0
형을 늘리지는 못할망정 감형!?참 이놈의 나라가 가해자가 살기가 더 좋네요..언제쯤 다른나라처럼 가해자를 쎄게 처벌할 법이 생길까요..,0,0
"법조계는 AI로 대체 하여야 한다. 이른 바 “사법의 스포츠화”가 대한민국에 이루어지고 있다. 법은 상위 5%경제적귀족계층에겐 통하지 않는다. 나라가 보복범죄를 조장하고, 판사와 변호사 사이의 선후배관계로 인하여 국민의 법감정은 걷잡을 수 없이 들끓어 오르고있다. 과연 누가 납득할 수 있겠는가?",0,95
대한민국은 아직 멀었다. 적어도 상식적으로 국민들이 납득할만한 형량을 구형하자.,0,1
꼭 판결내린 판사와 가해자에게 권선징악이 신이 있다면 제발 부디 벌을 내려주세요 너무 화가나고 사법부에 암담하다 진짜 너무 나도 슬픈데 유족들과 피해자는 피눈물울 흘리고 있을 듯,0,12
대체 판검사들은 무슨 생각을 하는건지…,1,0
내가 아버지 입장이면 가해자고 판사고 싹다 보복할듯. 아버지의 분노가 화면에 다 담기질 않네요,0,0
전국민이 주목하는 사건에도 이딴 판결을 내리는 거면 지금까지 묵살당해왔던 군 내 사건들은 대체 얼마나 추잡하고 참담했을지 상상도 가지 않는다,0,34
정말 대단한 자비로우신 위대한 판사 나부랭이 구나 사망 책임은 일차 적으로 가해자에게 있고 군 조직 역시 책임이 있지만 판사는 개인과 조직을 퉁 쳐서 물을 타 버리네 오히려 개인과 군 조직 간의 협력 범죄로 가중 처벌을 해야지 조직 폭력이 그래서 형량이 높게 나오는 이유지,0,9
미쳤나보다 대한민국이.. 감형을 주다니 이게 말이 되는 소리인가.. 가해자가 원인이 일방적이지 않다는건 추가적으로 다른사람들의 형을 더해야지 왜 감형이 되는거냐 이거 잘못됐다 단단히,0,0
"뭐? 죽은게 가해자만의 책임 아니라고??그래 어디 감형 결정한 관계자들 당신 딸이,아내가 이런 일 당하고도 그렇게 대응하실지 봅시다. 꼭 집안에 불행이 찾아오길. 우리나라 참 범죄자 살기 좋은 세상이다^^",0,0
"법은 정상인데, 판사들이 이상한 거임. 판사들 딸이나 가족들이 성범죄에 당해봐야 정신차림.",0,29
법에 문제가 있으면 법조인들은 국회에 법을 바꾸도록 계속 의견을 넣어야 한다. 법이 그러니까 나는 판결할 뿐이다란 것이 정상이라고 생각하나?,0,1
판사들의 판결은 가평잣입니다. 법앞에 주먹이 앞서는 대한민국이 되길바랍니다.,1,1
"판결문은 또 다른 사건의 판례가 되고, 차후에 판결이 필요한 유사사건에 영향력을 크게 미치죠. 가해자나 피해자가 둘 다 동일한 계급의 부사관이었다고는 하지만, 더 높으면서도 건너건너하면 다 아는 좁은 윗선에서 벌어진 유사사건들이 양지로 나오게 할 수 있는 계기가 될 수 있기에 저렇게 판결하지 않았을까는 개인적인 생각이에요.",0,1
절규하는 부모님들 심정을 느그 판사 고대로 겪는날이 오길!!!!!,1,0
저는 제가 이런 일이 생긴다면 법적으로 하지 않으려고 합니다 징역을 살더라도 죽을때까지 생각하고 싶지 않거든요 사람은 계획을 하면 무서운사람이 됩니다 그저 법이 지켜주지 않으니 무서운 계획을 실현할뿐이죠 실현하고 나면 교도소에 있더라도 마음이 편할 것 같네요 아버지의 책임은 못지겠지만 자식이 죽는 것보다는 낫겠죠,0,0
도대체 언제까지 가해자는 감형받고 억울한 피해자만 울분터지는걸 봐야할까? 가해자를 강하게 처벌하는게 그게 그렇게 어려운건가....사람이 죽었는데,0,35
대한민국 판사들은 지들이 당해야 아는데 이게 농담이 아니라 진짜라는게 암울,0,0
"민간법원에서 재판한다고 하니, 좋은 소식입니다. 성범죄범에 관한 형량을 최고수준으로 높여야 합니다!!! 피해자가 죽었습니다!!!! 사람을 죽인 성추행범, 다 필요없고, 얼굴 공개하세요... 사회가 묻어버리게.",0,0
하아 또 법원이 누구도 납득못할 판결을 내리는구나 최악이다 가해자 책임만이 아니라 감형이라니 가해자 책임때문이 명백함에도 정말 말도안되는 판결을 내는구나 하아 한숨만 나온다 판사들도 국민 심판 받는 제도가 나오길 바란다,0,4
"이나라는 가해자인권 보호에만 열심이고, 판결은 상식밖으로 관대한게 적폐다",0,1
다른 사람의 인권을 보장하기 위해 있는 법을 어긴 범죄자가 대체 왜 인권이 있는거지? 형량 치루면 그때 사람취급해야지???,0,0
판사님 딸래미도 꼭 같은경험하기를!,1,0
대한민국 법은 개법이고 판사.검사 이들도 똑같은 일을 당해야하는데 그래도 저렇게 관대하게 할건지. 남 눈에 눈물나게 하자 말거라 인생은 영원한것 없다 본인들도 피눈물을 날때 꼭 올거다,0,35
"법원&검찰청 근처에서 식당하는 사람들한테 들은 적이 있는데, 판검사들 자기들끼리 회식할 때나 밥 먹을 때 보면 군대 저리가라 할 정도로 기수+서열+꼰대조직 문화가 뿌리깊어 보인다고 함. 그런 권위적인 집단에서 어떤 판검사가 윗선 눈치 안보고 일반 국민들이 겪는 문제에 공감하고, 국민들을 위한 올바른 판단을 내릴 수 있을까.....",0,4
가끔 법이 우습네요 법이 맞나? 법도 결국 사람이 판단하고 판결하는데 진정으로 법이 사람을 위하는게 맞나,0,0
가해자 모자이크 가해자 감형 자랑스러운 대한민국 !!!,0,1
보호받지 못하게 느끼고 거기서 느낀 절망감이 죽음의 결과로 이어진다면 더 처참하고 엉망인 사회라는 말인데 그걸로 감형???? 그렇게 느끼게 한 조직에 대해서도 책임을 물어야 하는데 가해자를 감형?? 도대체 무슨 논리야,0,0
감정빼고판결해야죠 우리나란 여론따라서 너무 고무줄 입니다. 일관적으로 강하게 처벌하는것이 필요합니다,1,47
"이걸 보면서 SBS 드라마 '왜 오수재인가' 대사 하나가 더욱 더 뇌리에 박히는지, 누구를 위한 법인가? 가해자는 물론, 문자가 보복협박이라며 감형을 선고한 판사는 꼭 피해자의 아픔을 고스란히 돌려받았으면 좋겠네요.",0,0
판사가 ㄹㅇ 고인물이지... 하루빨리 A.I.판사 도입되었으면..,0,0
"가해자인 장중사에게만 책임을 돌릴수 없다며 가해자를 감형? 그러면 책임소재가 있는 사람을 조사해서 추가 재판을 하는게 맞지않나,,이게 말이되나",0,4
과연 본인들 가족에게 똑같은 일이 벌어진다면 저런 판결을 내릴까?,0,0
징역7년 정말 많이 받은건데 과거의 판례들에 비해 몇배나 무거운 판결내렸는데 판결에 문제를 제기를 왜 하는거지 장애인성추행도 일반지방법원들 판례보면 집행유예나 단기실형뿐인데 유족들 참 ... 판결에 불만이면 너희들이 판사해라,0,1
아니 무슨 군사법원이 이따위의 판결이 내립니까? 이게 재판입니까? 부모님의 분노가 사그라지지가 않네요.,0,15
"촉법소년에서 나왔던 말 "" 법이 지켜줄 것 같지? 힘없고 이런 사람들..아니 법은 돈 있는 사람을 지켜줘 그리고, 증거가 형량을 결정하지 """,1,2
법원과 경찰에게 뇌물을 먹였나요? 감형같은소리하네ㅋㅋ 피눈물날일이 있을거다,0,3
저런 놈들이 조주빈 42년을 때리고 과잉금지의 원칙이 어쩌고 법학을 논하니 비웃음이 안 나올수가 없다. 7년 징역은 합당한 처벌이 아니라 사적 제제를 권하는 사법부의 은밀한 메세지이다.,0,0
강제추행 당했는데 피해자가 뭘 잘못한점이 있다고 가해자 감형을 해요? 진짜 노이해,0,34
와 진짜… 감형… 미쳤구나 진짜,0,0
인간성이 있는건가 판결....판사들은 다른세계관을 가지고 있나...궁금하군요,0,0
그럼 가해자에게 동일하게 행위하고 가해자가 해당기간동안 견디고 참으면 감형 한번 고려는 해볼게 .... 하 속상하다 증말,0,0
이게 나라냐?? 진짜 나도 성추행 피해자로써 너무 화난다 솜방망이 처벌.. 피해자는 용서를 안했는데 먼데 판사가 감형하는지?,0,11
역시 판사충 기대를 져버리지 않는군 검찰도 한통속,0,32
법적으로 법원 판결이 틀린 게 아닐지 몰라도 죽은 사람이랑 유가족들 한은 도대체 누가 감당해 줌? 가해자가 떡하니 살아 있고 몇 년 뒤면 같은 공기 마시면서 같은 땅 밟고 살아 갈 거라는 생각만 하면 피가 거꾸로 솟을 거 같은데? 진짜 가해자 니는 쪽팔리지도 않나 니 부모 니 가족들 지인들 보기 안 쪽팔림? 이 일이 세상에서 묻히길 기도 했을 거 같은데 평생 니 뒤 쫓아다니면서 꼬리표처럼 달고 살게 될 거임 ㅇ먹어라 제발,0,1
판사를 재판하는 제도가 필요하지 않을까. 1년에 한번씩 각자 맡은 범죄와 처리과정을 투명하게 공개하고 지역시민들의 투표로 가장 비정상적인 판결을 내린 판사를 뽑아서 해고하든. 삭감하든 강등시키던 본인에게 피해가 오면 고쳐짐. 원래 사람 심리라는게 본인한테 피해가 안오면 멋대로 하거나 무감해지기 마련. 그런 메마른 사람이나 멋대로인사람을 걸러내고 계속 새로운피를 수혈하는게 이득임.,0,0
와..피해자랑 유가족을 3번 죽이는구나 니딸이 저꼴당해도 감형시켜라 꼭 판사 나부랭이들아,0,1
미쳤네... 한명의 생명을 앗아가는거도 모자라 한 집안이 엄청난 고통속에 잠겨있는데 오히려 감형이라니... 도대체 법이 뭐야??,0,9
저 아버지 수염 기르신 거 딸의 원한이 풀릴때까지 자르지 않겠다고 딸한테 맹세하신거라고.. 니 딸이었어도 감형했을까? 참,0,20
왜 대다수의 사람들 생각과 다르게 감형하는가 누굴 위한 판결인가,0,56
판사 검사 변호사들은 자기 가족에게 똑같은 일이 생겼어도 같은 판결을 내렸을지가 궁금합니다.,0,0
장중사에게만 책임을 물을 수 없으면 책임있는 사람들 다 책임 지게 해야하지 않는 걸까요? 7년....고인의 삶과 유가족들의 앞으로의 삶은 7년보다 길다는 것만 알고있다면 절대 감형따위를 논할 수 없을 것 입니다. 부디 고인이 이 사실을 하늘에서는 모르셨으면 좋겠습니다.,0,0
군사재판은 부대지휘관이 심판관으로 군판사 위에 있어서 최대한 부대에 피해안가도록 판을 짤수밖에 없음,0,0
장중사한테만 책임을 돌리는게 아니라 가해자들을 책임을 지라는거지 그렇다고 2년이나 감형을해? 20년을 줘도 모자를판에,0,67
판사놈은 피살돼도 할말없다!! 저따위 판결내린 판산놈이 이 나라 범죄자들 천국으로 만드는 거다!!,0,0
"이중사 녹음파일에서 들었다. ""이제 그만하시면 안돼요? 내일 제 얼굴 볼수 있으시겠어요? 내일 봐야 하잖아요"" 그렇게 애원하고 부탁했는데 이렇게 건들인 놈들이 한둘이 아닐테니 장중사는 억울할테니 감형 대한민국 최고예요 아름다운 우리나라 어디서 대한민국 국적이라고 말하지마라 모든게 돌고 도는 것이니 기다려 봐야지 이예람 중사님! 이번생 에서 고생하셨어요 다음 생에선 부디 남자로 태어나세요",0,0
가족을두번죽이네 판사야 니딸아들이 당해도이런식으로할꺼냐,0,76
존경하지 않는 판사님 부디 이번 달 안에 추행 당하고 굴욕적이고 모욕적인 말을 끊임없이 들으며 다음 달 안에 스스로 목숨을 끊길 바랍니다,1,4
"진짜 요즘 판사,검사에 대한 신뢰도가 쭉쭉 떨어져나감…난 솔직히 복수했을거야…죽어서라도",0,0
판사 너도 아들 딸내미 폭행당하고 성폭행 똑같이 당해서 절규해라 꼭 내가 기도한다 대통령 뽑는것도 폐지해라 국민을 대신하는 사람이라며 달라진거 있냐? 가해자한테 뭔 인권타령해 죽을때까지 고통속에 살아야지,0,1
다른 사건들은 법 때문이라고 쳐도 이건 판사 때문이다 담당 판사 공개해라,0,0
대법원 판사들 국민이 뽑아야 한다,0,1
유족을 앞에 두고 감형이라니...... 감형이라니 .... 가해자를 위한 나라일까?,0,0
그냥 처벌을 원치 않는다는 탄원서 제출해서 최대한 형량 적게 받게 한다음. 출소하고 나올때쯤 연변 거지들 고용 하셔서 처리 하시는게 나을듯 하네요.,0,1
가해자를 물리적 화학적 거세시켜라. 이런식으로 판결을 내리니까 비슷한 사건들이 계속 생기는거다.,0,0
다시 한번 생각해보자...판사가 판결을 해야 하는 이유,1,0
성추행 가해자를 감형 해줬다는거 세계가 알면 미쳤다고 욕 먹을만한 소식이다...,0,0
우리나라는 이런 판결에 너무 무감각해,1,0
"가해자.,판사 얼굴 까주세요.. 정말 너무 역겹네.",0,5
우리의 법감정과 법관의 법강정은 다릅니다. 국민에 대한 감정이랑 판사측근이나 가족에게 대한 감정도 다르죠 ㅎ 원래 보이스피싱 불구속 수사였지만 판사가 보이스피싱 당하면서 구속수사로 바뀌었구요. 부동산 사기도 일반 국민이 당하면 2년 판사 자녀중에 사기당하니 법정 최고 5년형을 때리더군요. 법앞에서 평등하다고 하지만 그건 아마도 국민들과 다른 세상을 사시는분들인가봅니다. ㅎㅎ,0,0
이래서 판사란직업이 필요없다 다짜르고ai한테 해달라고하자,0,0
"더이상 법원은 필요없다. 저런 판결 내리는 판사들은 싹 죽여버리고, 유족이나 피해자의 판결, 그리고 시민들이 합당한 판결인지 동의하에 처벌하는 방향으로 가거나 아니면 가이드라인을 확실히하여, 특정 처벌에대해 죄의 경중 여부를 떠나 무조건 형량 때려버리도록 해야한다.",0,3
미국 : 유가족이 용서해도 판사가 용서를 안해줌 한국 : 유가족이 용서하지 않아도 판사가 용서를 해줌,1,0
"얼굴 모자이크 하지말고 나와야지 뭘 지켜줄게 있어 ㅜㅜ 법이 가해자를 도와주니 법이 이 모양인데 나라가 좋을리가 있나 진짜 판사들도 ,,,,이런 판결을 당해봐야 알지 이건 진짜 ... 아니야 정말",0,8
감형말고 책임 있는 사람들을 다 잡아야지...,0,0
와. 진짜 미쳤다 감형이라고,0,0
우리나라 판사들은.. 항소만 하면 다 깎아주네 기가막혀. 이러니 쓰레기들이 계속 항소하는구나. 나같으면 저 쓰레기 얼굴 깠다. 내새끼 없는 세상 뭐가 더 무서울까. 잃을게 없어,0,0
"대체 법이 왜 법인지 .. 뉴스 나오는 것만 봐도 가해자를 위한 법인거 같아요 ,, 죄를 지어도 그에 마땅한 법이 맞는지 의문인 사건들이 한 두개가 아니라고 보는데 그럼 피해자들은 당하고 싶어서 당한걸까요? 제발 가해자들을 위한 판결이 아닌 억울한 피해자를 위한 제대로 된 판결 좀 내려주세요..",0,7
1:40 상고하셔서 대법원에서 원통함을 푸셨으면 했는데… 안타깝네요… 그리고 형량을 다시 정하지 않으면 대법원 재판은 왜 하나요…? 어이가 없네요…,1,3
고등군사법원 진작 폐쇄되었어야. 투명한판결이 나올수가 없네 진짜 최악임,0,0
판사들은 왜 상식이 통하지 않을까? 왜나면 그들은 신이거든 하찮은 인간들의 상식은 통하지 않아 신이 판결을 내리면 하찮은 인간들은 그냥 따라,0,0
가해자 처벌을 무기징역으로 해도 시원찮을 판에 2년 감형? 감형도 징역 999년이라면 몰라 타인의 삶을 무참히 짓밟은 놈은 얼굴도 못들고다니게 하는것이 재판이지 않냐? 이런식으로 할거면 시민 재판을 만들어라 온 국민이 심판하여 정당하게 판결을 내리게,0,0
사람이 죽었는데 감형이라니. 그리고 피해자 얼굴은 버젓이 내보내고 가해자는 얼굴을 가려주냐. 이게 나라냐??,0,0
판사가 늘 가해자들에게 감정이입하네 ㅎㅎ,0,3
판사야.....너희들 상습적인 솜방망이가 수많은 범죄를 양산하는거 모르냐 ?,0,48
판사들은 일반인과 다르게 고매하신 분들이라 그런가?,0,2
가해자 이와중에 당당하게 걸어들어가네 감형까지 레전드,0,3
와... 성추행하고 징역7년이면 엄청 쎄네... 원래 이렇게 강하게 처벌해야 하는건데,0,0
군대는 계급사회라 하는데 뒤에서 받쳐주는 이가 있기에 이런 형량이 나올 수 있다,0,0
아니...책임을 분산시키더라도 형량을 줄일 필요까지 있나?,0,1
유족은 지옥불에 떨어진거 마냥 하루하루 온몸이 타들어가고 용서해줄 마음 1도 없는데 왜 판사는 멋대로 감형을 하냐.. 그 적은형량으로...,0,3
대단한 판사님들 뇌는 우리 일반인들의 뇌랑 다른 사고 방식을 가지고 계시네...내 뇌엔 우동 사리만 가득차서 도통 이해가 안간다,0,1
저런것도 감형을해주네 ㅡㅡ 판사가 지도당해봐야 맘을알라나?,0,0
"법관의 판결이 적합하지 않다고 판정될 시 법관에게 형량을 부여할 수 있는 법안 및 제도가 필요합니다. 애초에 법원을 배심원 제도로 바꾸든지, 아니면 법관의 판결을 국민이 옳다/그르다 판단해 법관을 그만둘 수 있게 만들든지 해야지요",0,1
극악범죄에 대한 감형=판사 능력의 척도,0,0
너는 형량이 2년 줄었지만 수명은 20년이 줄을것이다 니자식들도 얼굴들고 다니지못할것이다 천벌받을놈,0,0
"와,, 그렇게 법에대한 정의를 외치더니 사람 죽고 징역 7년? 내가 이런 나라의 국민이라는게 수치스럽다 진짜..이런 사태가 발생하는데 어떻게 국민이 국가에대한 믿음과 존경심 따위를 갖고 살 수 있겠냐 국가가 하는거라곤 범죄자들 감싸주기 ,일 크게 안만들기 밖에 없네 ㅋㅋ",0,3
여윾시 K-판사님들 자비로와 가해자되도 안심이 되겠어.,0,0
이게 나라냐....ㅋㅋㅋㅋㅋㅋㅋ..ㅋㅋㅋㅋㅋ너네 자녀가 이렇게 당해도 꼭 감형해라 꼭.! 진짜 제발 꼭!!,0,1
판사가 미첬나 아님 돌았나? 판사 딸래미가 저런일을 당해도 저런판단 내릴까?,0,11
유족에게는 정말 죄송한 말씀이지만 고인은 억울함을 말하지 못하고 이놈의 재판부는 살아있는 가해자의 진술과 증거만 가지고 판결 때려버리는게 진짜 지금의 현실이네요. 법이 너무나 무능합니다 하루 속히 개정되어 원통한 한을 푸셨으면 좋겠습니다.,0,0
형량 마치고 나오면 직접 처단 하고싶게 만드는 판결 ㅉㅉ,0,1
중사 단독책임이 아니면 책임자 전부 같은 형량을 때려야지 왜 중사형량을 깎아주고 있어 사람 성추행해서 죽인 과실이 합쳐서 9년이라 골고루 나눠주는거냐? 군인들한테는 국가에 헌신하라 하더니 국가는 군인들을 헌신짝 버리듯이 하는구나,0,7
사망 책임 지분이 100%면 다른 연관자나 극단적인 경우까지 나가면 피해자의 부모가 책임 지분이 있다는건데 연관자가 있으면 다 끌고 와서 처벌하는게 맞았고 만약 부모가 책임이 있다면 구체적인 근거를 대었어야 함. 부모님이 군내에서 일어나는 모든 일을 알리도 없고 면회 잠깐 하고 또 무소식으로만 있어야 하는데 군대에서 성추행이 일어난걸 누가 알았다고 책임을 지라 마라 하는지는 도저히 이해가 안가네 더군다나 사건 은폐하고 숨기려는게 국방부인데 부모는 더더욱 딸에 대해서 알 길이 없어지고 가슴만 졸여졌겠지 결국 이런 일이 일어나서 오열하는데 이 상황에서 또 감형을 하네 지 자식이 군대에서 저런 일 일어났었으면 무기징역 때렸을텐데 남의 사람이라고 저렇게 소극적인 처벌하는 법원과 법 제도를 싹 다 바꿔야 한다 이런 솜방망이 처벌할 바에는 차라리 북한의 법을 민주적으로 개정하고 처벌 수위 그대로 인용하는게 좋았을텐데,0,0
자따구로 결정한 판사도 어이가 없네 지 자식 뒤져도 저런 형량 나오나 보자,0,0
성추행이라도 피해자가 사망했는데.. 감형을 해주다니요,0,0
판사는 법리를 잘 판단했다고 혼자 개뿌듯해 하고있겠지?,0,0
피해자가 군내에서 보호받지 못하고 소외감을 느끼는등 정신적고통을 당한것이 극단적 선택의 주요원인으로 보인다고 감형으로 판결했다고하는데..............그럼 군내에서 보호해주지못한 누군가는 피해자의 억울함에 가해자대신 처벌받나요....? 울다 지쳐 실신하신 부모님 마음이 이해되어서 너무 속상하네요.....,0,0
'국방부' '군사법원'이란 단어를 보고 판결문의 양형 이유에 대해 절로 고개가 끄덕여졌다... 역시 가재는 게 편,0,0
판결 이유가 단 하나도 납득이 안된다... 법이란게 진짜 뭘까,0,0
"제가 법을 살짝만 공부해서 그러는데요..질문이 있습니다. 보통 판사를 욕하는데...제가 알기론 판결은 검사나 변호사가 제시한 증거, 반론의 범위내로 판결내는걸로 알고있습니다. 즉. 판사가 이 사건에 심증이 있어도 무능한 검사가 적절한 그 심증에 대한 증거를 제시 못하면..판사도 마음에 없는? 판결을 내리는걸로 알고있는데 맞을까요?",1,1
판사 판결 참 잘하네ㅋㅋㅋㅋ 제발 본인도 똑같이 당하길 빈다,1,0
ㅋㅋㅋ감형 전에도 놀라울 정도로 짧은데 대단하다 남들과는 다른 관점에서 봐야만 하는 힙스터병이 있나,0,4
감형.. ㅋㅋ 피해자는 죽고 가해자는 살고....... 거기다 감형까지? 얼굴 공개해라.. 피해자의 인권은 없고 가해자의 인권은 있구나... 법정 왜 필요할까? 판사 딸도 당해서 죽으면 판결이 바꿔지려나? 입장 바꿔 생각은 안하것지... 지들은 당할일 없을 태니까....,0,1
항상 판사들이 문제 판사를 모두 AI로 교체가 시급,0,0
"그럼 민간법원에서 재판하게 재판을 연기했어야지. 판결에 책임지도록 검사, 판사 다 공개해야 함",1,0
법원놈들의 말놀이 판사도 유죄!!,0,0
여기서 판사 욕하고 저주하는 사람들은 반드시 본인에게 돌아갈겁니다. 남을 저주할때는 본인도 죽을 각오를 해야한다는걸 잊지마세요.,0,1
군법도이러니..! 이나라 모든 법 지 꼴 리는데로 판결 하는거 보면 판사들아 니 가족중에 이런일 당해봐라 세금충이들.. 오죽하면 억울한 판결때문에 이 나라 싫어서 떠나는 사람 있겠어,0,0
사망에 대한 책임을 가해자에게만 돌릴 수 없다는 게 감형 이유 → 제가 뭘본건가요...???????,0,0
아니 피해자 유족들이 용서 안하는데 왜 판사들은 지들 멋대로 반성한다고 말하면서 감형해줌? 저 국방부 고등판사 이름이나 좀 까봐라 ㅋㅋㅋ,0,1
이놈의 나라는 법이 거꾸로 가고있냐 감형이 말이나 돼?,0,0
판사 딸 똑같이 당해서 형량 똑같이 나와봐라 어떻게 되나,0,1
한국의 판사 검사는 사회 암덩어리가 맞다. 괜히 감형해줬겠나.. 넓은 의미로 모두 자신들의 이익 때문이지..,0,0
눈에 넣어도 안 아픈 딸 꿈 펼쳐보겠대서 보내줬는데 상사란 새끼한테 성추행 당해서 평생 잃게 됐다 감형이 말이 되냐 진짜?,0,0
판사는 범죄자 두둔할라고 공부 그렇게했냐. 범죄자를 위한 법이군. 지들 딸들이 성노리개로 농락당하다 죽어도 저따위로 판결할까,0,0
피해자가 용서를 안했는데 지들이 뭐라고 감형???? 진짜 법이 엿같긴하다,0,0
강제추행이 없었으면 살아있엇을텐데 판결을 이렇게 하네 ㅋㅋㅋ 진짜 판사 보복한번 당해야한다 법이 억울함을 못풀어주니 스스로 해결하는 수밖에?,0,0
사람을 죽여도 감형 해주냐 이게 나라냐,0,0
감형?? 사형시켜도 부족한데...미쳤다진짜 사람 죽이고 겨우 7년??,0,0
야!얼굴 공개해라!!! 어떤 놈인지 좀 보자!!!법원 판결은 신뢰를 잃었다고!!!!!,0,0
근데 판사는 법에 근거해서 판단한거고 결국 법을 만드는걸 제대로만들어야하는거아닌가,0,0
항상 느끼는 거지만 중형-감형-사면이 이렇게 마구잡이로 악용된다면 결국 법의 통제권을 잃고 사적으로 해결할것이다. 윗선부터 봐도 임기말 사면이 아예 이제는 상습화 되어 놀라는 사람도 없다. 국민 청원 그리고 필요하다면 국민투표라도 해야지 이런식으로 국가를 운영하면 안된다고 생각한다.,0,0
제정신 박힌 판사는 대한민국에 없는건가?,0,0
"무기징역까진 못한다고 해도 감형은 너무하네 굳이 감형은 왜 하는 거죠? 공군 눈치보나요? 유가족분들 보고도 그딴 판결 내리고 두 다리 잘 뻗고 주무시겠어요 반성은커녕 본인 인생만 걱정하고 있을 1차 가해자, 본인은 처벌 안 받았다고 지금쯤 안도하고 있을 2차 가해자들, 이 모든 걸 피해자의 책임으로 돌리고 사건을 덮기 바쁜 공군 인간이면 양심이 있으면 이제라도 반성하고 죗값 치르시길 바랍니다 삼가 고인의 명복을 빕니다",0,0
가해자만 없었으면 멀쩡히 살아있었을 사람인데 뭐가 찝찝해서 감형까지 하면서 피해자와 유가족들을 능욕하냐?,0,0
성폭행하고 죽음으로 내몰고 징역7년 .. 나라 잘돌아간다 미국갔으면 최소 25년부터 시작인데 하나의 죄만 물지말고 모든 죄를 물어라,0,0
피해자는 죽었는데 성추행범은 징역 7년 참나 뭐 이런 쓰레기같은..,0,0
"군 내부에'도' 원인이 있으면 군 조직 관련자들 처벌을 추가적으로 해야지, 가해자를 감형하는 게 웬 말? 이 논리라면 같은 범죄를 저질러도 가해자가 많을수록 책임이 분산되니 범죄 저지를 때는 집단적으로나 조직적으로 저질러야겠네!",0,0
성추행범에게는 감형 을 없애자,0,0
판사님 판사님 딸이 저런일 당해도 감형 시켜주실건가요? 사람을 죽이고 7년? 이건 아닌거 같습니다,0,0
감형할 필요가 없어 보였는데 왜 감형했냐?,0,2
중사 가해자만 오로지 책임을 가져야되는게 아니라면 감형된 2년은 누구의 책임인데... 뭐 찾아서 책임지게 함..?? 2년 그냥 증발이잖아;;;;,0,0
재판부가 아무리 다양성과 소수의견이 가능하다지만 국민정서와 동떨어진 판결하는 판사는 탄핵해야하는거아닌가,0,0
억울하게 가해자 된 사람은 안 봐주더만 이런건 잘도 감형해주네,0,0
가해자의 변호사 감형해준 판사 자기 일이 되어봐야 함,0,0
군사법원 없애라. 지금이 전시도 아닌데 문 필요가 있는지. 없애기 싫으면 일반 법원보다 형량을 높이시든가.,0,0
"ㅇㅇ. 사람 죽이고 유기한 의사에게도 기회를 줘야 한다는 게 대한민국 사법부더라. 이주완님이 해당 판결 내린 판사를 때려죽이거나, 가해자를 떄려 죽여도 저는 이해해 드리겠습니다",0,0
감형 시켰으니 이제 누가 나머지 책임질래? 가해자 2년 감형 했으면 다른 사람 누구 처벌할건데? 가해자 부모님이나 자식들을 처벌시키던지 해,0,0
아니 법이뭔데 자꾸 가해자를 감형해주냐 양심도없나 ㅋㅋㅋ,0,0
형량이 그대로인 것도 아니고 감형이 됐다는게 이해가 안되네,0,0
누가 판사 자식들좀... 형량 어찌 때리는지보게,0,0
이 가해자 말고 다른 가해자가 있으면 같이 처벌하면서 감형하든가 해야지.. 다른 가해자는 누구죠? 감형이유가 너무 똥같아요,0,0
"계속 이런 불공정한 판결이 나오는 이유: 정치인, 경제인 등등 자칭 높은 놈들이 저런류의범죄를 많이 저지르기때문에 지들 보험용",0,0
기존 형량도 적은데 그와중에 더 줄이고 자빠졌네 그럼 관련인들 전부 사법처리해라 그지같은 인간들아,0,0
그나마 징역이라도 먹였으니 취업할길 막아둔게 다행이지,0,0
사적 복수 부추기는 판결이구만. 한국에서 법은 피해자편이 아니라 이말이야.,1,1
판결이 너무너무너무너무 역겹다,0,0
한국은 판사들이 성범죄를 더 증가시키는데 아주 큰 역할을 하는것 같다,0,0
"판사님은 사람이 아니시네요. 하다못해 법정 최고형을 내렸어야 본보기가 됐을텐데. 이런 세상에서 누가 애를 낳고 싶을까요. 고인의 부모님의 심정이 여기까지 느껴지네요. 이건 비단 피해자가 여자라는 문제 때문이 아니에요. 소수, 약자에 대한 가해자를 처리하는 법이 개판이라는걸 만천하에 공개하셨어요. 이 사건, 외국에서도 관심있게 보던데. 성폭력을 당한 피해자인데 어떻게 피해자한테도 잘못이 있다고 하십니까. 이 판결을 내리신 판사님 당신은 진정 사람이 아니십니다. 인생살기 부끄럽지 않으십니까?",0,0
"사람 죽여놓고 7년이 말이냐?고인은 돌아가시지만 않았어도 아직 살아갈 날이 많은데 한사람의 인생 망쳐놓고 7년?나라 자알 돌아간다.왜 우리나라는 법이 이따구임 왜 도대체 왜.그리고 범죄자가 범죄를 저질렀으면 그 범죄에 맞는 벌을 받아도 피해자가 불쌍한데 감형?그럼 유가족은 그냥 평생을 고통스러워하면서 살아야겠네.뭐 그게 목적인가?범죄자는 평생 벌받아도 마땅하다.법 좀 강화시켜라 사람죽여놓고 5년,7년 등 사람 목숨이 징역으로 표현할수 있을거라 생각하나?어휴 나라 진짜 잘 돌아간다.미국처럼 걍 징역때리라고 심신미약이든 음주든 이유불문하고 제발 강하게 징역때리라고.하 진짜 우리나라 법은ㅎ 할말이없다.",0,0
감형도 감형인데 감형이유가 참..ㅋㅋㅋ 어이가없네,0,1
감형은 아니지 않나??법이 이상하긴 해,0,1
참나 기가막히다 절레절레 이게 선진국 법이야 후진국 못한 법이지 미국이면 가석방없는 종신형 인데 기가막히다 절레절레 판사넘들이 제일 문제야 쯧쯧쯧,0,0
감형????? 미첬구나.. 판사가 누군지 진심 궁금하다,0,0
난 궁금한게 군법은 다른 법과는 엄격하고 공정히 다뤄지고 형량도 엄청쌘걸로 아는데 왜 현실법이랑 불공평하고 형량이 낮냐? 죽어서 군인이 아니라는거냐? 그럼 나라를 위해 충성하지 말라는 것과 같은데 굳이 목숨바쳐 일할 의미가 사라지는 지금이 한심하다,0,0
감형???이렇게 법이 벌하지 못하니 사설이나 민간인이 개패줬으면 하는 바램이 자동으로 생기시,0,0
형량 좀 높여주고 촉법소년 나이도 낮춰줬으면,0,0
감형?????? 미친 진짜 와 미친거 아냐?,0,3
판사야 눈에는 눈 이에는 이다,0,0
한국은 범죄를 저질러도 굉장히 살기 좋은 나라입니다^^ 판사들의 자질이 의심되는건지 법이 이런건지 절레절레,0,0
사람 죽게끔 만들어놓고 감형이 말이되냐,0,1
하여간 판사들 정신세계들이 이해할수잆ㅇㆍㄱ,0,11
감형은 말이 안되는데..? 판사가 돈받아 먹었나??,0,0
"7년이면 범죄행위에 비해 많이 받은거고..(유가족에겐 너무 적을형량이겠지만..) 문제는 이예람 중사가 중간에 계속 문제제기를 했는데 처리하지못한 공군 책임자도 같이 처벌받아야, 앞으로 재발했을때 이런피해자가 없죠...",0,3
애초에 군사법원따위가 말이안됫지 군대가 계급사회인데 짬에서 밀리는데 어떻게 눈치안보고 형량때리냐,0,0
사형 제도 못하겠으면 무기 징역이라도 하던가 고작 7년 ㅋㅋㅋ,0,1
세상에 사람죽인 성범죄자들 얼굴은 모자이크처리하고 죽은 피해자만 얼굴공개하는게 어디있냐..그리고 이게 윤석열이지 나라냐.... 감형이 이유가 뭐야 성범죄는 감형이 없어야한다. 다시 재판해라 군재판이 더 엄격해야하는데 왜 우리는 군재판이 더 약하냐 말도안됀다 사형해라 군인의 명예까지 실추했으니 사형시켜라,0,5
"감형? 아니, 가해자 때문에 사람이 죽었는데, 감형-? 제정신인가? 아, 하긴 제정신이 아니니까 감형을 시켰겠네. 진짜 나라 꼬라지 자알- 돌아간다ㅋㅋㅋㅋㅋ",0,0
헐~군사법원인데~오히려 감형~ 형법이 너무 약해서 인가 ~에혀 하기야 승리사건도 7~9개인가 혐의 인정 근데 1년6월~군법도 뭐 그닥 높지 않네~ 군법에서 최고형은 총기난사 뿐인가 ㄷㄷㄷㄷ,1,4
판사 한테는 휘발유가 필요해,1,0
살사람은살아야지 라는 판결이니..,0,0
몇년만지고 성추행성폭행하고 즐긴다음 7년살다나오면 개꿀 ㅋㅋ 하고싶은거만지고싶은거다했으니 정신적으로도이득 앞으로 고등법원판사딸이커서 저렇게당하고 7년선고할수있나 가의문ㅎㅎㅎㅎ,0,3
판사 아들딸도 저렇게 뒤져봐야 처벌 강해질듯 ㅋㅋ 근데 어림도 없지 이유 모를 군면제,0,0
판사를 ai로 바꾸는게 나을거같습니다... 눈을 가리고 판단을 하랬더니.. 지 x대로 판단을 하고있습니다.. 피해자 입장에서 생각하라니까.. 기준이 없는거같네요.. ai 대체 1순위 직업 판사.. ~~,0,1
"이제는 기술도 많이 발전했는데 왠만하면, 판사를 AI로 바꾸는 작업을 시작해도 되지 않나...?",1,3
군제판은 오히려 가중처벌 때문에 형량이 쎄다고 들었는데.. 아니었네,0,0
앞으로 AI가 발전하면 제일 먼저 대체해야할 직업 1순위가 판사임 범죄자새끼 무죄 감형때려줄려고 빡새게 공부했음?ㅋㅋ,0,4
죽은 피해자가 국회의원 딸이라면 이런 판결이 났을까?,0,0
본인가족이 입장바꼈다면 저렇게 판결할까요?,1,0
미쳤나 진짜 사람 여럿 인생 망쳐 놓고 감형? 성추행을 한 자체가 사람이 아니라는 거다. 짐승만도 못하지,0,0
"이 감형에 대한 나의 감정 ""18""",0,0
여기 글 쓴 분들은 다른 성추행 사건들이 어떤 판결이 나오는지 알고 있나?성추행이 이 정도 형이면 우리나라에서 엄청 쎄게 나온 겁니다. 이번 판결만 가지고 뭐라고 할게 아니라니까ㅡㅡ,1,0
감형 이유가 장중사 때문이라고만 볼 수 없다는게 뭔소리지,0,0
1심은 최대치로 올려놓고 2심은 감형 역시대한민국안바뀐다,0,0
자꾸 법은 의회에서 만드는거라고 판사 욕하지말라고 쉴드치지말자 사법부에서 100% 의회에서 정한 법률때문에 이렇게 형량을 내린다고 생각하지는 않음 사법부도 현재 법률에 대해서 잘못된점을 인지하고있다면 들고 일어나던가 해야지 삼권분립이 괜히있는게 아니지 않나,0,0
남의 인생 파탄내놓고 감형이란다ㅋㅋㅋㅋㅋ,0,0
동질감 느꼈나 무슨 감형이야,0,1
판사도 투표로 계속 해먹을지 안해먹을지 정하자 이게 말이냐? ㅋㅋ,0,0
"01:52 ""가해자 감싸기논란으로.. 군사고등법원 폐지"" 뭐가 가해자 탓으로만 돌릴수없어 감형이야.. 핑계를 댈걸대야지 ㅋㅋ",0,0
"판사 탓을 할게 아니라 법률을 제정, 개정하는 국회의원을 뽑는 우리를 탓해야 해야해요...",0,0
가해자가 남자면 매우매우 열심히 감형 이유를 찾아주지 ㅎㅎ,1,0
병사 군사재판은 형량 높게 때리드만 간부는 작네,0,1
판사도 전에 저짓한적있나 감형?,0,0
근본적인 원인제공을 했는데 왜 결정적인 원인이 아니야 판사 논리 개같네,0,0
감형?????? 2022년에도 사법부는 변함 없네 놀랍다 놀라워 어메이징 코리아,0,0
"왜 오수재인가 드라마를 보면 서현진이 이런 말을 한다. 1심은 징역 그 이후는 집행유예. 이유는 대중은 후라이팬이니깐..참 답답하다. 권력, 돈 만 있으면 어떻게든 빠져나가는구나... 징글징글하다.",0,0
감형이맞지 당연히 헛소리들 작작해라 진짜 여기 대한민국은 이런게 당연한 나라다,0,0
남은 80년의 세월 = 감형된 7년 교환비 좋네,0,2
선임부사관과 장교는 감형시켜주게 한국군대인거냐? 니들 땜에 군대 이미지 나락갔네,0,0
판사는잘못없는거아니냐 법은확실히 문제긴하네 솜방망이아,0,0
이러니깐 군검사 도베르만이란 드라마가 나온거여 .... 머가 한참 잘못됐다니깐,0,0
어느나라는 유가족이 합의해도 판사가 스스로 넣어버리던데 ㅋ,0,0
판사한테 애지간히 뇌물 처멕였나보네,0,0
판사가 문제가 아니라 법이 문젠데 뭐 ㅋㅋ,0,0
개떡같은 판결..사람이죽었는데,0,1
판사는 무슨 무균실에 격리되서 따로사나 ㅋㅋㅋㅋ,0,0
미국은 사람 죽게만들면 바로 무기징역 때리던데 우리나란 왜 이럼??,0,0
판사 꼬라지랑 이름이 궁금하다. 샹~,0,1
이게 맞다고 보나요? 판결내린 놈들아?,0,0
감형이라 대구에서 변호사 사무실 화재난거 모르시나?,0,0
감형?...............뭔 개짓거리야,0,0
"민주당이 만든 가해자 인권 보호, 피해자 인권은 민주당은 관심도 없다. 민주당 쪽 사람들은 무슨 범죄를 저질러도 감형 판사가 누군지 공개하라!",0,0
감형? 내가 잘 못 들었나?,0,0
방구석 판사들 열폭 ㅋㅋㅋㅋㅋㅋ,0,0
감형??? 감형?? 개 도랐나,0,0
이사건이 어케 N번방보다 형량이 적냐?,1,0
피디님이 웬만한 형사나검사변호사보다 말을잘하시고 사건해석능력 뛰어나네요 목소리톤도 듣기가 좋아요 자주나와주세요 이중사 삼가고인의 명복을빕니다ᆢ 담생에선 남자로태어나 본인의큰꿈 펼치시길ᆢ,1,1
오늘 2심 재판 결과 나왔는데 장중사의 자살암시 문자가 사과성으로 받아들여져서 협박성이 없다고 재판장이 판단해서 2년 감형된 7년형을 선고 받았더네요. 정말 화가납니다..,1,1
"공군만의 문제일까? 사고가 일어나서 체계에 맞게 보고를 하고 수사하는 과정에서 가해자와 피해자의 분리는 제대로 이어지지가 않는다. 일어난다 한들 지휘관은 고민한다. '이 사실을 그대로 보고하면 어떻게 될까?' 그래서 다시 피해자를 데리고 와서 묻는다. 자기 선에서 처리해줄 수 있는 방법을. 답답한 피해자는 양성평등 상담관에게 다시 이야기를 해서 결국 상부 보고가 되고 처리가 되는듯 보인다. 가해자를 분리해주고 조사를 진행한다. 하지만 어느순간 이유도 없이 사라진 가해자를 두고 부대원들은 말을 지어낸다. 피해자와 가해자 사이에 어떤 일이 있던 것이 아니냐. 부대 분위기는 안좋아지고 조사는 계속해서 길어진다. 가해자 가족들은 피해자 번호를 알아내서 한번만 봐달라고 한 가정의 가장이라며 이해해달라고 한다. 결국 피해자는 부대를 떠난다. 그리고 지휘관은 말한다. 그 자리 후임자는 여자 말고 남자로 뽑자고. 여군은 지휘부담이 있다면서. 재판은 1년이 넘도록 지속이 된다. 가해자는 계속해서 항소를 한다. 그리고 결국 판결은 점점 약해진다. 그 사이 전역을 한 피해자는 아직 군에 있는 동기에게 가해자의 이야기를 듣는다. ""그 사람 아직 00부대에 있던데?"" 떠나는건 늘 피해자였다.",0,11
- 일단 죽음은 안타까움 - 당시 차량에 타고있던 노상사는 이후 수사 중에 자살함 - 결혼할 남편이 있었음에도 자살한 걸로 봐서 남편이 큰 의지가 되지는 못했던 것으로 보임(남편의 잘못이 있다는게 아님) - 살인이 아니고 추행임 자살은 선택임 모든사람이 추행 당했다고 자살하지는 않음 - 추행 형량은 3년 이하임 살인도 아니고 추행이 9년이면 센 형량이 맞음(떼법의 느낌이 있음 한국은 법리보다 사회적 파장으로 형량을 판단함) - 차량의 블랙박스 영상은 문맥적인 추측이지 직접적으로 추행의 모습을 담고있지는 않음 영상이었으면 확실했음(결과론적으로 증거채택된거지 당시에는 힘이 약한 증거였음) - 그럼에도 주변에서 다 추행으로 인지를 했으면 구속수사가 들어갔어야됐다고 생각함 - 군법원이 아닌 민간법원에서 진행하게 된다고하니 앞으로의 같은 일은 없을 것으로 보임 그리고 법과 경찰을 믿지마세요 그건 그냥 보조역할입니다 법과 경찰은 항상 지각한다는 걸 잊지마세요 칼찌라도하세요 진짜,0,4
성추행-성폭행-살인or자살 공식이다! 제발 판.검사들 국민세금으로 월급쳐받으면서 판결개같이할거면 사표써!,0,12
내가. 할수. 있다면. 공군 관계자 놈들을. 기관총으로. 쓸려버려도. 화가. 안플린다!더욱. 웃끼는 것은. 감형. 했다는. 것이다!속에서. 불이. 나서. 못참겠다!,0,2
"정의가 바로 서진 않는 건 썩어 빠진 판사, 검사, 변호사 때문이다. ai 도입하면 제일 깔끔함. 억울함이 없게 하라는 명분하에 돈과 인맥으로 범좌자 은닉중. 에라이..",0,16
요즘 &군검사 도베르만> 보니 군법정이 군익을 위해 돌아가는지를 여실히 잘 표현이 되어있더라구요. 드라마를 드라마로 보려고 하는데도 보다보면 진짜 군대는 다 저러나 싶어집니다. 아예 없는 일로 드라마를 만들진 않을테고 그렇다고 다 믿고싶지 않은데말이죠ㅜ 참.. 군대라는 특수한 단체의 보안성으로인해 너무나 많은 피해자들이 발생한다는게 안타깝습니다. 범죄까지 보안을한다는건 정말 얼토당토하지 않습니다. 군검사가 아닌 범죄 앞에선 군인이 아닌 민간인과 똑같은 범죄자일 뿐인데 군이라는 특수한 범규에 제한을 두고 상관의 전두지휘로 법정을 .......그냥 가해자와 피해자가 발생하면 그냥 군인이건 뭐건 다 민간인처럼 법정에 서고 군대 특수성 다 빼고 수사하고 처벌 받았음 좋겠어요ㅜ,0,1
이사건 내내열받은 사건인데 싹다 갈아엎어야지 미친 사건이난지 조금지나서 해결된듯햇는데 판결이넘미약해 아직두울분 ㅡㅡ,0,3
평시 군사법원이 없어져야 하는이유가 바로 드러난 명확한 사건 군이 잘못을 저질러놓고 스스로 수사하고 스스로 기소하고 스스로 판결한다? 군이 아니라 민간에서 이런일이 터졋다면 벌써 끝날사건이고 피해자도 죽지 않았을것이다,0,1
"기소대상이 아니었던 자들, 무죄판결 받은 자들 그들 주장대로면 떳떳해서니까 실명.얼굴 자발적으로 공개하며 되겠네요",0,0
가해자 유죄판결나면 모자이크 좀 없애라 사람도 아닌 새끼들 인권을 들먹이냐,0,2
이렇게 또 한번 공군 망신을 주네.. 육군이나 해병대면 이해가 가는데 왜 하필 공군이야... 옷 벗기고 징역 때리고 적어도 10-15년 살게 하라.,0,0
그래서군검사도베르만이란드라마를하나보네,0,2
판사 딸 부인 엄마에 할머니꺼지 꼭 똑같은 일을 당하길 간절히 기도한다,0,80
어처구니가 없다 살인마가 9년 징역이라니?? 유족들의 억울함 어찌하나~~ 고인의 명복을 빕니다,0,50
"한국 법이 피해자편에 서서 보호해주고 도와주지를 않는 현실을 또 느낀다. 가해자 죄질이 얼마나 피해자에게 고통스럽고 역겨운짓인지 사회적 인식을 갖게하고, 죄값에 책임지게 하려면 미개한 법의 개정 및 판사역량 강화를 요구한다!",0,24
재판장이 입장 바꿔서 생각해보세요 제발 자기딸이면 과연 이런판결이 날지 이런기사보면 진짜 화납니다,0,27
항상 판사 가족들 사건 나길 기도 합니다,1,66
우리나라 법 수준 1. 전국민이 아는 큰 범죄 = 무기징역 2. 무기징역보단 약한데 심한 범죄 = 20년 3. 그냥 적당히 주자 = 10년 4. 그 외 = 5년 이하,0,124
사람죽여놓고 고작 9년 어느나라에 사람죽이면 징역 몇십년넘는데 대한민국법의 어떤기준인지 참 궁금하군,0,95
9년이라니 너무한다 정말 모두 다 납득할 수있는 형량이길 진정 바랬건만,1,8
"판사 특 : 깎기 장인 다 깎아 본인들 뇌도 깎은듯 이 나라는 이상하게 10년 이상 때리는걸 판사들이 두려워함 근본 없는 법체계과 ㅂㅅ 같은 법이론 학설 , 구시대적인 판례에 구속되어 있는 꼰대 판사들 물갈이 되어야함",0,59
"인과응보,사필귀정. 이 일을 은폐하려했던 모든 사람, 방관자, 판사까지 분명 언젠간 돌려받게 될거에요. 반드시 돌려받게 할겁니다.",0,0
"여론이 들고 일어나니 가해자 징역9년 나오네,피해자보다 가해자 인권을 더 우선시 하는 풍조는 없어제야 한다. 만약 여론이 없었다면, 그냥 묻히고도 남았을 사건이라 좀 그렇네요. 억울한 피해자가 없도록 법을 좀더 강화 해야합니다.",0,12
남은 가족들은 어떻게 살아라고..저런 판결이 나는지..다시봐도 진짜..억울하게 죄인이 만들어지면 안되는거지만..누구봐도 죄가 있는놈을 벌을 제대로 안 주는 모습이..누가 피해자고 가해자인지..가해자면 가해자한테 줘야할 벌을 제대로 줄 수 있는 나라가 되었으면 한다..,0,0
가해자보다 피해자가 더 많이 우는 판결이 맞다고 생각하나? 가해자를 질질 짜게 만들어야지. 피해자의 기대수명만큼 징역 때려야 한다고 본다.,0,6
9년... 소중한 가족을 잃은 피해자들에겐 평생인데.. 가해자측은 무기징역이 맞는거 아닌가요..,0,4
"인생사 ""인과응보"" 징역 몇년으로 끝날거 같아 한숨 쉬겠지만 당신이 죽을때까지 그리고 대대손손 고통을 겪을 것이다.",0,12
이예람 중사님이 얼마나 힘이들었을까요 분노 증오 억울함 또한 재판의심사 판결 왜진작에 똑바로 억울함을 보살펴 주지 않았는지 한사람의 고통을 막아주 못해는지 정말 너무 하지 않았는지 싶다,1,0
법원 판결도 진짜 답없 ㅡㅡ 진짜 군대가 이렇게 썩어빠졌으며 폐쇄된 집단임.. 사람 죽이고 숨기기 바쁘고 .. 돈 줄줄 세는건 누구나 아는 거고.. 우리나라는 싹 갈아 엎어야하는게 너무 많다... 법이든 국회든 군대든 전부,0,6
아무리억울하다고 분노를해도 판사들은 어느집개가짖나합니다.왜냐면 본인들일이아니니까 관심이없죠,0,7
와우 9년! 멋져! 근본없는 판결,1,33
"저 판결 내린 재판장 아들, 딸놈들도 똑같이 꼭 당했으면",0,0
헌법 바뀌고 판사 견제수단 만들어져야 함. 안 그러면 이런 일 계속 일어난다,1,4
아니 성추행을 한두번 한것도 아닌데 우리나라 군부대에있다는게 개 쪽팔려 돈받고 쳐먹어서 법이 이따구로 내렸겠지 이건 법이 가해자를 위한 나라야 피해자가 아니라 판사 나와 급소때리고 명치때리고 감옥가게 내가 지옥 가더라도 없애야겠어 가해자들과 판사 모두,0,1
판사는 자식이 없나봄. 피해자나 피해자 가족이 느꼈을 그 고통을 이해하지 못하고 ..저런 판결이 나온걸보면...,0,2
아니 ㅅㅂ 고작9년이 말이되냐 적어도1000년 정도는 징역 내려야지,0,4
아니 피해자가 용서를 안했는데 판사새끼들 왜 지들이 용서를 하냐고 이나라 법 자체가 개판인지 판사놈들이 물러 터진건지..,0,3
사람이 죽었는데... 고작 징역9년? 가해자 신상공개하고 얼굴까고 .. 제발 처벌 좀 제대로 하라.....,0,0
군사법 폐지하고 일반 사법으로 해결해야하는데 하여튼 판사넘들이 제일 문제야 옛날부터 지금까지 무슨 변화가 전혀 없어 답답하다,0,0
야 이 판사놈들아 니들이 이런 판결 내릴때마다 대한민국 범죄자들은 박수를 치고 환호를 한다. 나도 오늘부터 장래희망이 괴한민국 범법자다,0,0
징역 9년에 화학적 거세까지 하면 인정 가능할듯,0,20
한가족을 몰살시켰는데 고작9년? 피해자가족들이 제대로살거라생각하는지 저런판결을내린판사는머리에 뭐가들었을까?,0,1
대한민국사법부는 각성해야됨. 너무~~~비리판사 거짓판사들이 많아.. 검찰도 그렇고.. 법을 뜯어 고쳐야되는데...,0,0
판사야 조만간일거같다 느그들 가족들 잘 살아갈지 정말 어쩜그리느그들은 변함없냐? 아주 하 맘이 너무 아프다 . 향후 몇십년뒤가 참 기대된다,1,0
대체 왜 10년이상 안 때리는거임? 항소 나오면 귀찮으니까? 그럼 판사는 왜 했냐 돈 처받으면서 하는게 뭐야,0,0
9년..... 판사야 니가족이 저랬으면 넌 9년 징역 내렸니?,0,0
솔직히 9년이 만족스럽진않지만 예상보단 나은판결이네,0,1
미안하지만 저 늙은 판사들 수준에선 법학자들 수준에선 최신버전의 느낌은 00년도에 멈춰있다는 사실….법인식개정이 너무 느리다 심각하다. 시대에 맞춰 판결을 내리는 로봇 데이터가 판결을 더 잘내릴거 같다. 법적안정성 높아질 듯,0,1
고작9년 판사 는 무슨생각으로 사는걸까???,0,0
니들 판결 이따위로 할거야?,0,1
징역9년이 낮은것도 아님.. 과실치사도 아니고.. 판사는 3-4년 때리겠죠,1,8
??? : 군대는 변하고 있습니다 이따구로 선고할꺼면 그냥 전부 사표써라 차리리 ai판사가 더 유용할거같내요. 권력에 찌들어서 정신이 나가신거같내요,0,0
성폭행이였으면 형량 더 나왔을거 같은데 추행이라 9년 나온듯,0,0
판사를 없애고 ai로 바꾸자 아니면 미국판사로 교체하자 k판사는 필요가 없다,1,1
"n번방: 무기징역 성추행, 사람 죽인 군인: 9년 나라냐?",0,6
꼬우면 공부 광광해서 검사하셨어야죠ㅠㅠ 대한민국은 검사 아니면 법대로해서 억울할 수 밖에 없는거 다들 알고 계시잖아요ㅠㅠ,0,1
검사와 판사도 재판결과 국민평가받아서 부정결과나온 사람은 옷벗겨야한다,0,17
진짜 법원 검판사들 문제네요!!특히 판사들 개판오분!!!오판결시 판사처벌법 만들어서 끝까지 책임묻고 처벌해야할듯!!,0,4
법은 검찰 검사 등 높은 사람들 본인들의 자기 방어권을 위한 법이지 국민을 위한 재판이 아니네요 .. 대통령도 법원도 검사 판사 재판장도 국민을 위한 단 한사람도 국민을 위한 사람은 아무도 없고 그저 대한민국에 모든것을 갖기위해 국민을 이용 하는 사람들을 방어권행사하는 입막음용일뿐이네요 그걸로 국민을 처단 하고 말이죠,0,4
계속 이런식 판결이 나면 피해자가 가해자 또는 그 사건에 대한 동조한 자에 직접 벌을 내릴지도 모른다....,0,0
벅관에겐 유죄란 없다. 좌웆지간 우리나라는 그렇다. 검사 판사 만만쉐이.,0,4
"이제 좀만 있으면 ""술마신 건 맞지만 음주운전은 아니다""라는 판결이 나올 듯.",0,2
참 이걸보면 우리나라 판사들 필요없을것같다.AI판사 도입이 시급하다.,1,0
빨리 판사를 AI로 대체하든가 해야지 진짜 젖같은 세상이네,0,11
"부적절했는데, 무죄야? 뇌가 분열된 사람말고, AI판사가 판결하지.",1,3
판사필요없다. AI시켜도 된다.,0,0
전쟁나면 다 불행졌으면~안그러면 저 서울대 출신 검사 판사 기레기들 정치인 마피아들 못 없앤다~ 치가 떨립니다,0,2
범죄는 맞다 근데 무죄다 이런 판결 누구나 하는거 아니냐 이게 판결이냐?,0,1
"판사를 욕할게 아니라 법을 바꿔야한다는 목소리를 내야한다고 생각합니다 판사는 그저 법전에 쓰여있는대로, 증거가 나열된 대로, 서로의 주장 대로 판단할 뿐입니다 언제나 따뜻한 마음과 여러 사람의 목소리에 따라 판단할 순 없었을겁니다 어찌됐건 자신의 양심과 법으로 심판하는 사람들이니까요",1,2
7년? 와 제대로 미쳤네 이건 무기징역감이지 징역7년 세상이 완전히 미쳤구나 사람이 죽었어 사람이 죽었다고 이건 무기징역이라고,0,18
"대단하다~ 대단해~ 약혼자가 있는 여성이었고 가정을 이뤄서 오손도손 자식도 낳고 살아갈 사람이었는데 성욕에 미친 남자들의 탐욕으로… 저출산, 저출산 거리는데 당장에 스토킹 범죄나 성폭행 범죄는 바로 구속수사로 입건하고 형량을 늘리고 가중처벌해서 여자들을 살리는게 우선순위 아니냐? 닭이 없는데 달걀을 어떻게 낳냐. 국회의원놈들이나 판사놈들이나……",0,27
고작 7년?.. 피해자가 뺏긴 시간이 7년 보다 크다.. 정말 답답하다 20년 30년 이런 판결이 욕심이구나,1,3
범죄자들에게 범죄를저지르라 부추키는 이런판결과판사는 필요없다,0,0
판사들이 사이코패스들이 많아..성폭력피해 교육의무화 해야함. 판사 이름공개하고 그동한 판결사례도 공개 해야함,1,0
무기징역을 줘야지 인간들아 얼마나 분하면 죽엇겟나 댄장들아,0,5
법원에서 쓰레기판결 낸가족분들ㅋ 꼭 같은일당하길,0,0
세종시 쇼핑몰 범죄자에게 1심판사가 징역 3년에 집행유예 4년 판결을 내림. 법이 아닌 판사들이 범죄자를 따듯하게 감싸주는 사례가 있다. 떡볶이가 화대라는 판사도 있고.,0,0
사회적 민심이 들썩였는데 무기징역아닌가?,0,0
궁금하다 판사 직계 가족 저런일 있다면 사법부에도전이니마니 개거품이면서,0,0
7년...떄리치워라 짜고 치는 판결,0,0
징역 7년? 와우. 성범죄자 양성국가다.,1,0
영창7년후 실형으로 보내라 검사.판사 뒷돈 냠냠,0,0
우리나라는 아직멀었다 성폭행 범죄에는 형량이 넘 가볌다 .사람이 죽었는데 7년형이라니 ㅈㅈㅈ,1,0
국선변호사건 그 변호사랑 엮여 있는 검찰이건 판사건 대대장이건 간부건 잘못이 있으면 명명백백 밝혀야합니다,0,0
법을 다루는 판사.변호사.검찰..모두다 공범이다.,1,0
"군인 뿐만 아니라 검사, 경찰 이시대는 비리 시대 언제쯤 제대로 된 시대가 찾아올까",1,40
보면볼수록 가슴아프네요 반면 2차가해자. 국선변호인. 전부 징역형을 받앗으면 합니다,1,16
"검찰 부터 김양호 판사,국선 변호인등 법조 카르텔들 지긋지긋하다.자신들의 이익과 안위을 위해 살고 공정과 정의,양심을 내팽개치고 돈 밖에 모르는 법조 기생 카르텔 이들을 도려내야 이 사회가 건강해진다.",0,0
모두 싸그리잡이 징역 에 쳐 넣고 다시는 성폭력으로 희생되는 분들이 없길,0,1
사형이나 무기징역 그 미만은 다 유착관계로 같이 집어넣어서 똑같이 때려야된다,0,0
의사든 변호사든 군인이든 인성검사 도입해야겟다 쓰레기 천지네,0,54
가해자넘은 군법중형으로 엄중히다스리고 사법재판관 선임하여 합동조사판결 물건거세하고 무기에서 사형으로 판결되야한다,0,0
돈없으면 법의 보호를 못받는... 이게 인권문제지... 괸히 엉뚱한 인권찾아 흉악범형량이나 낮추고... 참...,0,0
"친정집이라고 스스로 증언하고있는 국방부수사기관도 없애고 경찰이 직접 조사하도록 법제도를 바꾸자. 지들입으로 친정집이라하니 객관적으로 제대로 수사를 쳐 하겠냐고. 국방부수사관,군사법원 다 없애고 경찰이 직접 수사하고 사법부가 직접 판결도 맡도록 법을 바꿔야한다. 국방부에 소속되어있는 기관들이 애초에 스스로 수사하고 판단하는 기능이 제대로 될 리가 없다. 국방부소속이 아니고 외부에 따로 독립적으로 존재해야 국방부 눈치나 압력없이 비판도 수사도 객관적 판단도 가능한거니까. 쟤네가 수사하고 판결하면 다 짜고치는 고스톱밖에 안된다. 사건 덮고 은폐하고 축소하고, 썩을 것들. 피해자가 왜 극단적 선택을 했는지 생각해봐라. 가해자와 모두 다 한패니까. 공군법무실도 인권센터도 공군소속 국선변호사도 국방부수사관도 군사법원도 숨막히게 전부 다 국방부 소속들 뿐이니까. 다 한패고 지들끼리 짜고치는 고스톱이니까. 국방부가 폐쇄적이라 외부기관이 하나도 참여되지않으니까, 감시하는 세력이 없으니 지들끼리 고여서 썩어서 온갖비리와 연고로 지들끼리 사건 은폐,축소시키니까. 피해자의 말을 들어주는 사람이 한 명도 없으니까. 군사법원, 국방부수사기관, 국방부소속변호사 전부 다 해체시키고 경찰, 사법부가 담당하게해라. 견제세력이 없으니 지들 세상인 것처럼 굴지. 다른 피해자가 더 많을 거다. 그러니 국방부의 폐쇄성을 박살내야한다. 경찰과 사법부가 국방부를 견제하도록해야한다. 그게 국방부의 미래를 위해서다.",0,0
그 국선변호사에게 무기징역을..,0,2
견찰 검찰 군대는 판사 의사 이것들은 인간아닌것들 투성이임,0,24
가석방 없는 무기징역 시켜라 독방으로~,0,0
우리 헬조선은 전쟁과 훈련이 아니라 군내에서 정치를 잘해야 승급을 하니 저모냥이지 ㅉㅉㅉ 군법 처리후 꼭 형사법 처리까지해서 두번 처벌 받아야합니다. 군법으로만 처벌 받는건 군법상 어긋납니다. 그래서 휴가나가서 사고치면 형사랑 말하지 말고 무조건 헌병요구 하는이유가 형사처벌 피하려하는건데 이사건은 무조건 두배로 보직해임 군징역살고 나와서 또 징역살기를,0,0
국방부 검사원에게 맡기냐 ㅋㅋ 이것또 그냥 흘러가게네 이럴때 여성부는 조용한가벼 ㅋㅋ 역시 이나라는 돈 만있으면 뭐든지 된다 돈이최고여 ㅋㅋ,0,0
삼가 고인의 명복을 빕니다… 감히 제가 헤아릴 수는 없지만 얼마나 힘드시고 괴로우셨을까요… 부디 그곳에서는 맘편히 쉬시며 몸도 마음도 건강하고 행복하고 즐겁게 지내시기를 바랍니다… 그리고… 어떻게 피해자 분이 계신데 가해자는 없다는 판결이 나올 수 있는 것입니까? 이렇게 아직 어리시고 하고 싶은 것도 해보고 싶은 것도 많으셨을 텐데 누군가들 때문에 왜 이 분께서 아프고 고통스럽게 계시다 가셔야 되는 것인가요…??? 아버님의 마음을 제가 감히 헤아릴 수는 없지만… 얼마나 아프실까요… 또 다시는 이러한 일이 일어나는 일은 상상도 할 수 없습니다. 이예림 중사님께서 편히 쉬시고 가족 분들께서 편히 보내드릴 수 있도록 도와주세요. 제발 간절히 부탁드립니다.,1,0
가해자들 싹 다 제대로 수사해서 제대로된 판결 내리고 죗값 받도록 해주세요 어머니 덜덜 떨며 우시는 모습 아버지 울분 토하시는 모습에 마음이 너무 아파요… 얼마나 열심히 살아온 삶이었을까요 얼마나 끝까지 망설였을까요… 고인의 명복을 빕니다,1,3
일반검사가 다시 특검해야 한다.,1,0
대통령보다 검사위에있고. 국방부위에 있는데. 방법은 없을듯. 사법부권력을 분산하는수외에는 방법없어요. 아효 눈물납니다,1,13
"힘없는 백성은 이런꼴이 된다… 슬프지만 개팩트임… 내가 35년 살면서 어른들 말중에 가장 마음에 닿았던건,, 억울하면 성공하라는거임.. 저 여자가 국회의원 딸이였거나, 아니면 본인이 판검사 였으면,,, 이런일이 당할 확률이 적었음.. 세상은 나아지고 있지만,, 100프로 정의로운 세상은 절대 안옴…. 악바리 같이 살아서 성공하세요…",0,1
군인들조차 신뢰안하는 군병원과 군사법원. 군대는 병사들 군사훈련 관리나 하고 다 폐지시켜라. 의료나 사법은 민간기관에서 담당해야된다 더이상 제 식구 감싸기 판결은 없어야함,0,0
"드라마 악마판사가 사실을 바탕으로 만들었다는걸 뼈저리게 느낀다,,,",0,3
진짜 장담하는데 대한민국의 현실이 저따위인걸 보면 민심이 언젠간 다 떠나갈거다 국회의원 경찰 판사 검사 국방부 다 자기 사리사욕만 채울뿐 국민들에겐 관심이 없다 언젠간 이 대한민국은 망할게 분명하다 마치 중화민국이 민심을 잃어서 대륙을 빼앗기듯이 분명히 망할게 분명함 누가 이런 썩어빠진 나라를 지킬까??... 절때 아니다 분명히 나라가 위태로우면 대다수가 이 나라를 등질게 뻔하다,0,0
영화7번방의 선물처럼 판사딸 경찰청장딸 국회의원딸 높은분들 가족들이 저렇게 살인이나 성추행당하면 이렇게 수사할까? 내생각엔 감옥안에서 면회라고치고 구타하고 고문할거같은데 판사 검사 경찰 님들이 니들 자식이 저렇게되도 수사안할거야? 진짜 마음같아서 판사 검사 경찰가족들도 똑같이 됬으면 좋겠네,0,0
"인생조금만 살면 안다.육사나와서 별달고있는 장성들,서연고 법대나온 판검사,정계진출한 국회의원,장관들, 사석에서 형님동생하는사이다.서울외고,대원외고,경기고 등 명문학군선후배사이고.조사가 될리가 있겠냐",0,0
짜발이 뿐만 아니라 판검사 철밥통 모두 다그렇다.,0,0
"우리나라는 이미지쇼 정치를 잘한다.대기업 회장도 풀려났잖아. 퇴직금 50억에 군대에는 죽어나가고 해도 잠시뿐이잖아. 내가 피해자 인데 아이런하게도 힘에 눌려 피해본것도 내가 스스로 찾아 증명해야 하잖아 성폭력을 당해도 왜 반항하지 않았냐고 묻는 판사, 성폭력을 저지르는 검사, 봐주는 법무부 참 나라가 조선말기 같아ㅠ",0,0
"이름뿐만 기억할 게 아니라 행동하세요. 그리고 관심을 가지세요. 뉴스에서 얼마나 많은 여성들이 죽고, 폭행당하고, 성폭행당하고, 자살하는지. 그리고 그 가해자의 처벌 형량이 마땅하게 치뤄지는지, 그리고 요구하세요. 이 사회에서 같이 살아갈 여성들을 위해 다시는 개죽음을 반복하지 않도록 이 사건에 마음이 아프시나요? 그럼 뉴스에 거의 매일 나오는 익명의 여성 피해자들에게도 공감해주세요. 문제점을 느끼세요. 저 성범죄 자체는 특수하지 않습니다. 군대라는 국가운영 조직내에서 일어났기에 화제가 되었죠. 여성들 누구에게나 있을법한 일이라는게 얼마나 말도 안되는 이야기인지 문제점을 자각하세요.",0,0
살문소대가리놈에조작거짓말로수사국방부각성반성문죄인놈인권변호사놈거짓된판결여켭다ㅡ한는짓마다국민분노한다,0,0
왜 사람이 죽어야만 움직이냐 진짜 가해자보다 피해자만 더 피해받는 세상 지긋지긋하다 진짜 난 내 가족이나 친구한테 이런일 생겼으면 지구 끝까지 쫓아가서 어떻게든 할거다 진짜 처벌 제대로 내려라 저런 사람들 무기징역? 필요없어 사형 때리세요 제발 ..,0,34
같은 부대 안에서 또 같은 사건이라니요.. 이번에는 어떤 판결이 나올까 걱정됩니다...,0,0
형량을 제대로 내리지 않아서 유족들이 법원앞에서 항의하고 그러셨는데 또 같은일을 자식이 죽고나면 부모가 평생 안고 살아야 되는데 진짜 이런 뉴스볼때마다 말문이 막히네요,0,0
삼가고인의 명복을 빕니다. 어차피 검.판사는 수사 안할꺼니 기대는말아야되겠죠? 돌아가신분만 불쌍하고 속상해야겠죠? 또 한숨이 나옵니다.,1,0
부대 없에고 관련자들 전원 징역보내고 피해자분 보상확실히 하고 마무리 하세요~넵!!필승!!~사이다~~,1,4
비리에 범죄 덩어리네요. 저런 일이 다시는 일어나지 못하도록 관련자들은 전부 불명예 전역 및 징역살이 시키고 부대 자체를 몇 개의 대대로 쪼개는 작업이 필요하다는 생각이 듭니다. 다신 저런일이 발생하지 않았으면 좋겠습니다.,0,0
군 내부에서 분명 묻으려고 할거임 사건 제대로 조사해서 가해자들 모가지 날리고 옷 벗게 해야한다..사회에 발도 못 붙이게 해야하는건 당연하고 쓰레기들이라 분리수거가 안되는 인원들이고 사형은 분명 불가하니 무기징역 때려서 감옥살이 가즈아…,0,0
제가 딸이 있고 딸이 폭력을 경험한 이후 저런 선택하면 저는 추정 피의자에게 마체테를 사용해서 저의 사회적인 삶을 마감하고 차라리 무기징역을 선택할 것 같네요. 딸도 잃고 평생 ptsd 시달릴텐데 그런 게 복구가 될 수가 없을텐데.,0,1
부대 해체 안하냐.. 관련자 다 징역 보내야 돼 저정도면..,0,1
피해자들만 죽어나고 좆같은 가해자들은 감형받아서 잘살아가지ㅋㅋ 난 사람이 아무리 죽어나가도 이 현실이 바뀌지 않는게 소름돋는다,0,0
그러고도 사망자가 나오는거 보면... 군검이 아닌 일반 검사님들이 수사 해야 함..,0,0
부대 해체해고 책임자 징역 보내라,0,0
와ㅋㅋ 인성 검사 하고 부사관 장교 시켜라 사람을 죽이냐 진짜 ㅋㅋ,0,0
제발 범죄자들 연금 없애버리고 징역살이 보내라 금수만도 못한것들 한국남자이미지만 추락하네,0,0
군검사 도베르만 출동시켜야겠다,0,0
